-- MySQL dump 10.13  Distrib 5.7.25, for Linux (x86_64)
--
-- Host: localhost    Database: hippo_water_db
-- ------------------------------------------------------
-- Server version	5.7.25-0ubuntu0.18.04.2

/*!40101 SET @OLD_CHARACTER_SET_CLIENT=@@CHARACTER_SET_CLIENT */;
/*!40101 SET @OLD_CHARACTER_SET_RESULTS=@@CHARACTER_SET_RESULTS */;
/*!40101 SET @OLD_COLLATION_CONNECTION=@@COLLATION_CONNECTION */;
/*!40101 SET NAMES utf8 */;
/*!40103 SET @OLD_TIME_ZONE=@@TIME_ZONE */;
/*!40103 SET TIME_ZONE='+00:00' */;
/*!40014 SET @OLD_UNIQUE_CHECKS=@@UNIQUE_CHECKS, UNIQUE_CHECKS=0 */;
/*!40014 SET @OLD_FOREIGN_KEY_CHECKS=@@FOREIGN_KEY_CHECKS, FOREIGN_KEY_CHECKS=0 */;
/*!40101 SET @OLD_SQL_MODE=@@SQL_MODE, SQL_MODE='NO_AUTO_VALUE_ON_ZERO' */;
/*!40111 SET @OLD_SQL_NOTES=@@SQL_NOTES, SQL_NOTES=0 */;
-- Drop database
DROP DATABASE IF EXISTS hippo_water_db;

-- Create database + user if doesn't exist
CREATE DATABASE IF NOT EXISTS hippo_water_db;
CREATE USER IF NOT EXISTS 'hippo_dev'@'localhost';
SET PASSWORD FOR 'hippo_dev'@'localhost' = 'hippo_dev_pwd';
GRANT ALL ON hippo_water_db.* TO 'hippo_dev'@'localhost';
GRANT SELECT ON performance_schema.* TO 'hippo_dev'@'localhost';
FLUSH PRIVILEGES;

USE hippo_water_db;
--
-- Table structure for table `sensor_data`
--

DROP TABLE IF EXISTS `sensor_data`;
/*!40101 SET @saved_cs_client     = @@character_set_client */;
/*!40101 SET character_set_client = utf8 */;
CREATE TABLE `sensor_data` (
  `id` bigint(20) NOT NULL AUTO_INCREMENT,
  `sensor_id` int(11) NOT NULL,
  `sensor_value` int(11) NOT NULL,
  `created_at` datetime NOT NULL DEFAULT CURRENT_TIMESTAMP,
  PRIMARY KEY (`id`),
  KEY `sensor_id` (`sensor_id`),
  CONSTRAINT `sensor_data_ibfk_1` FOREIGN KEY (`sensor_id`) REFERENCES `sensor_info` (`sensor_id`) ON DELETE CASCADE
) ENGINE=InnoDB AUTO_INCREMENT=2616 DEFAULT CHARSET=latin1;
/*!40101 SET character_set_client = @saved_cs_client */;

--
-- Dumping data for table `sensor_data`
--

LOCK TABLES `sensor_data` WRITE;
/*!40000 ALTER TABLE `sensor_data` DISABLE KEYS */;
INSERT INTO `sensor_data` VALUES (1,6,500,'2019-03-10 15:33:23'),(5,1,50,'2019-03-10 18:29:42'),(6,1,150,'2019-03-10 18:30:33'),(7,1,150,'2019-03-10 21:26:23'),(8,1,5150,'2019-03-10 21:34:33'),(9,1,3150,'2019-03-10 21:38:01'),(10,1,932,'2019-03-11 02:23:51'),(11,1,4095,'2019-03-11 02:41:04'),(12,1,4095,'2019-03-11 02:42:09'),(13,1,4095,'2019-03-11 02:43:15'),(14,1,4095,'2019-03-11 02:44:20'),(15,1,4095,'2019-03-11 02:45:26'),(16,1,4095,'2019-03-11 02:46:32'),(17,1,4095,'2019-03-11 02:47:36'),(18,1,4095,'2019-03-11 02:48:42'),(19,1,4095,'2019-03-11 02:49:48'),(20,1,4095,'2019-03-11 02:51:35'),(21,1,4095,'2019-03-11 02:52:41'),(22,1,4095,'2019-03-11 02:53:46'),(23,1,4095,'2019-03-11 02:54:52'),(24,1,4095,'2019-03-11 02:55:58'),(25,1,4095,'2019-03-11 02:57:04'),(26,1,4095,'2019-03-11 02:58:10'),(27,1,4095,'2019-03-11 03:07:19'),(28,1,4095,'2019-03-11 03:08:25'),(29,1,4095,'2019-03-11 03:09:31'),(30,1,4095,'2019-03-11 03:11:03'),(31,1,4095,'2019-03-11 03:12:18'),(32,1,4095,'2019-03-11 03:13:24'),(33,1,4095,'2019-03-11 11:25:07'),(34,1,4095,'2019-03-11 11:25:24'),(35,1,4095,'2019-03-11 11:25:40'),(36,1,4095,'2019-03-11 11:25:57'),(37,1,4095,'2019-03-11 11:26:14'),(38,1,4095,'2019-03-11 11:26:30'),(39,1,4095,'2019-03-11 11:26:47'),(40,1,4095,'2019-03-11 11:27:04'),(41,1,4095,'2019-03-11 11:27:20'),(42,1,4095,'2019-03-11 11:27:37'),(43,1,4095,'2019-03-11 11:27:54'),(44,1,4095,'2019-03-11 11:28:10'),(45,1,4095,'2019-03-11 11:28:28'),(46,1,4095,'2019-03-11 11:28:44'),(47,1,4095,'2019-03-11 11:29:01'),(48,1,4095,'2019-03-11 11:29:17'),(49,1,4095,'2019-03-11 11:30:08'),(50,1,4095,'2019-03-11 11:30:25'),(51,1,4095,'2019-03-11 11:31:16'),(52,1,4095,'2019-03-11 11:32:07'),(53,1,4095,'2019-03-11 11:32:24'),(54,1,4095,'2019-03-11 11:33:14'),(55,1,4095,'2019-03-11 11:33:31'),(56,1,4095,'2019-03-11 11:34:06'),(57,1,4095,'2019-03-11 11:34:22'),(58,1,4095,'2019-03-11 11:35:13'),(59,1,4095,'2019-03-11 11:35:30'),(60,1,4095,'2019-03-11 11:36:21'),(61,1,4095,'2019-03-11 11:36:38'),(62,1,4095,'2019-03-11 11:37:06'),(63,1,4095,'2019-03-11 11:37:23'),(64,1,4095,'2019-03-11 11:37:39'),(65,1,4095,'2019-03-11 11:38:05'),(66,1,4095,'2019-03-11 11:38:22'),(67,1,4095,'2019-03-11 11:38:39'),(68,1,4095,'2019-03-11 11:39:07'),(69,1,4095,'2019-03-11 11:39:24'),(70,1,4095,'2019-03-11 11:39:41'),(71,1,4095,'2019-03-11 11:40:06'),(72,1,4095,'2019-03-11 11:40:23'),(73,1,4095,'2019-03-11 11:40:40'),(74,1,4095,'2019-03-11 11:41:06'),(75,1,4095,'2019-03-11 11:41:22'),(76,1,4095,'2019-03-11 11:41:39'),(77,1,4095,'2019-03-11 11:42:08'),(78,1,4095,'2019-03-11 11:42:24'),(79,1,4095,'2019-03-11 11:42:41'),(80,1,4095,'2019-03-11 11:43:07'),(81,1,4095,'2019-03-11 11:43:23'),(82,1,4095,'2019-03-11 11:43:40'),(83,1,4095,'2019-03-11 11:44:06'),(84,1,4095,'2019-03-11 11:44:23'),(85,1,4095,'2019-03-11 11:44:39'),(86,1,4095,'2019-03-11 11:45:05'),(87,1,4095,'2019-03-11 11:45:22'),(88,1,4095,'2019-03-11 11:45:38'),(89,1,4095,'2019-03-11 11:46:07'),(90,1,4095,'2019-03-11 11:46:24'),(91,1,4095,'2019-03-11 11:46:40'),(92,1,4095,'2019-03-11 11:47:06'),(93,1,4095,'2019-03-11 11:47:23'),(94,1,4095,'2019-03-11 11:47:39'),(95,1,4095,'2019-03-11 11:48:08'),(96,1,4095,'2019-03-11 11:48:24'),(97,1,4095,'2019-03-11 11:48:41'),(98,1,4095,'2019-03-11 11:49:05'),(99,1,4095,'2019-03-11 11:49:22'),(100,1,4095,'2019-03-11 11:49:38'),(101,1,4095,'2019-03-11 11:50:07'),(102,1,4095,'2019-03-11 11:50:24'),(103,1,4095,'2019-03-11 11:50:40'),(104,1,4095,'2019-03-11 11:51:11'),(105,1,4095,'2019-03-11 11:51:42'),(106,1,4095,'2019-03-11 11:52:05'),(107,1,4095,'2019-03-11 11:52:22'),(108,1,4095,'2019-03-11 11:52:39'),(109,1,4095,'2019-03-11 11:52:55'),(110,1,4095,'2019-03-11 11:53:12'),(111,1,4095,'2019-03-11 11:53:29'),(112,1,4095,'2019-03-11 11:53:46'),(113,1,4095,'2019-03-11 11:54:06'),(114,1,4095,'2019-03-11 11:54:22'),(115,1,4095,'2019-03-11 11:54:39'),(116,1,4095,'2019-03-11 11:54:56'),(117,1,4095,'2019-03-11 11:55:12'),(118,1,4095,'2019-03-11 11:55:29'),(119,1,4095,'2019-03-11 11:55:46'),(120,1,4095,'2019-03-11 11:56:06'),(121,1,4095,'2019-03-11 11:56:22'),(122,1,4095,'2019-03-11 11:56:39'),(123,1,4095,'2019-03-11 11:56:56'),(124,1,4095,'2019-03-11 11:58:21'),(125,1,4095,'2019-03-11 11:58:39'),(126,1,4095,'2019-03-11 11:58:56'),(127,1,4095,'2019-03-11 12:01:07'),(128,1,4095,'2019-03-11 12:02:06'),(129,1,4095,'2019-03-11 12:03:06'),(130,1,4095,'2019-03-11 12:06:06'),(131,1,4095,'2019-03-11 12:07:06'),(132,1,4095,'2019-03-11 12:08:06'),(133,1,4095,'2019-03-11 12:09:06'),(134,1,4095,'2019-03-11 12:10:10'),(135,1,4095,'2019-03-11 12:11:07'),(136,1,4095,'2019-03-11 12:12:06'),(137,1,4095,'2019-03-11 12:13:09'),(138,1,4095,'2019-03-11 12:14:06'),(139,1,4095,'2019-03-11 12:14:23'),(140,1,4095,'2019-03-11 12:15:11'),(141,1,4095,'2019-03-11 12:16:05'),(142,1,4095,'2019-03-11 12:16:22'),(143,1,4095,'2019-03-11 12:17:13'),(144,1,4095,'2019-03-11 12:17:29'),(145,1,4095,'2019-03-11 12:17:46'),(146,1,4095,'2019-03-11 12:18:02'),(147,1,4095,'2019-03-11 12:18:19'),(148,1,4095,'2019-03-11 12:19:10'),(149,1,4095,'2019-03-11 12:19:27'),(150,1,4095,'2019-03-11 12:21:07'),(151,1,4095,'2019-03-11 12:21:24'),(152,1,4095,'2019-03-11 12:22:15'),(153,1,4095,'2019-03-11 12:22:32'),(154,1,4095,'2019-03-11 12:23:06'),(155,1,4095,'2019-03-11 12:23:23'),(156,1,4095,'2019-03-11 12:24:14'),(157,1,4095,'2019-03-11 12:24:30'),(158,1,4095,'2019-03-11 12:25:37'),(159,1,4095,'2019-03-11 12:26:05'),(160,1,4095,'2019-03-11 12:26:22'),(161,1,4095,'2019-03-11 12:26:39'),(162,1,4095,'2019-03-11 12:27:08'),(163,1,4095,'2019-03-11 12:27:24'),(164,1,4095,'2019-03-11 12:28:13'),(165,1,4095,'2019-03-11 12:28:30'),(166,1,4095,'2019-03-11 12:29:20'),(167,1,4095,'2019-03-11 12:29:37'),(168,1,4095,'2019-03-11 12:30:06'),(169,1,4095,'2019-03-11 12:30:38'),(170,1,4095,'2019-03-11 12:31:07'),(171,1,4095,'2019-03-11 12:31:23'),(172,1,4095,'2019-03-11 12:31:40'),(173,1,4095,'2019-03-11 12:32:06'),(174,1,4095,'2019-03-11 12:32:22'),(175,1,4095,'2019-03-11 12:32:39'),(176,1,4095,'2019-03-11 12:33:08'),(177,1,4095,'2019-03-11 12:33:25'),(178,1,4095,'2019-03-11 12:33:41'),(179,1,4095,'2019-03-11 12:37:30'),(180,1,4095,'2019-03-11 12:37:46'),(181,1,4095,'2019-03-11 12:38:03'),(182,1,4095,'2019-03-11 12:38:20'),(183,1,4095,'2019-03-11 12:38:38'),(184,1,4095,'2019-03-11 12:38:54'),(185,1,4095,'2019-03-11 12:39:11'),(186,1,4095,'2019-03-11 12:39:28'),(187,1,4095,'2019-03-11 12:39:44'),(188,1,4095,'2019-03-11 12:40:01'),(189,1,4095,'2019-03-11 12:40:17'),(190,1,4095,'2019-03-11 12:40:34'),(191,1,4095,'2019-03-11 12:40:51'),(192,1,4095,'2019-03-11 12:41:07'),(193,1,4095,'2019-03-11 12:41:24'),(194,1,4095,'2019-03-11 12:41:41'),(195,1,4095,'2019-03-11 13:05:41'),(196,1,4095,'2019-03-11 13:05:58'),(197,1,4095,'2019-03-11 13:07:50'),(198,1,4095,'2019-03-11 13:10:36'),(199,1,4095,'2019-03-11 13:12:27'),(200,1,4095,'2019-03-11 13:12:29'),(201,1,4095,'2019-03-11 13:12:44'),(202,1,4095,'2019-03-11 13:12:46'),(203,1,4095,'2019-03-11 13:13:04'),(204,1,4095,'2019-03-11 13:13:21'),(205,1,4095,'2019-03-11 13:13:38'),(206,1,4095,'2019-03-11 13:13:54'),(207,1,4095,'2019-03-11 13:14:11'),(208,1,4095,'2019-03-11 13:14:28'),(209,1,4095,'2019-03-11 13:14:44'),(210,1,4095,'2019-03-11 13:15:01'),(211,1,4095,'2019-03-11 13:15:17'),(212,1,4095,'2019-03-11 13:15:34'),(213,1,4095,'2019-03-11 13:15:51'),(214,1,4095,'2019-03-11 13:16:08'),(215,1,4095,'2019-03-11 13:16:24'),(216,1,4095,'2019-03-11 13:16:41'),(217,1,4095,'2019-03-11 13:16:57'),(218,1,4095,'2019-03-11 13:17:14'),(219,1,4095,'2019-03-11 13:17:31'),(220,1,4095,'2019-03-11 13:17:47'),(221,1,4095,'2019-03-11 13:18:04'),(222,1,4095,'2019-03-11 13:18:20'),(223,1,4095,'2019-03-11 13:18:37'),(224,1,4095,'2019-03-11 13:18:54'),(225,1,4095,'2019-03-11 13:19:10'),(226,1,4095,'2019-03-11 13:19:27'),(227,1,4095,'2019-03-11 13:19:44'),(228,1,4095,'2019-03-11 13:20:00'),(229,1,4095,'2019-03-11 13:20:02'),(230,1,4095,'2019-03-11 13:20:17'),(231,1,4095,'2019-03-11 13:20:18'),(232,1,4095,'2019-03-11 13:20:33'),(233,1,4095,'2019-03-11 13:20:35'),(234,1,4095,'2019-03-11 13:20:50'),(235,1,4095,'2019-03-11 13:20:54'),(236,1,4095,'2019-03-11 13:21:07'),(237,1,4095,'2019-03-11 13:21:11'),(238,1,4095,'2019-03-11 13:21:28'),(239,1,4095,'2019-03-11 13:21:45'),(240,1,4095,'2019-03-11 13:23:53'),(241,1,4095,'2019-03-11 13:24:09'),(242,1,4095,'2019-03-11 13:24:26'),(243,1,4095,'2019-03-11 13:24:43'),(244,1,4095,'2019-03-11 13:25:00'),(245,1,4095,'2019-03-11 13:25:16'),(246,1,4095,'2019-03-11 13:25:18'),(247,1,4095,'2019-03-11 13:25:35'),(248,1,4095,'2019-03-11 13:25:35'),(249,1,4095,'2019-03-11 13:25:51'),(250,1,4095,'2019-03-11 13:25:52'),(251,1,4095,'2019-03-11 13:26:08'),(252,1,4095,'2019-03-11 13:26:09'),(253,1,4095,'2019-03-11 13:26:25'),(254,1,4095,'2019-03-11 13:26:37'),(255,1,4095,'2019-03-11 13:26:41'),(256,1,4095,'2019-03-11 13:26:58'),(257,1,4095,'2019-03-11 13:27:15'),(258,1,4095,'2019-03-11 13:27:25'),(259,1,4095,'2019-03-11 13:27:31'),(260,1,4095,'2019-03-11 13:27:43'),(261,1,4095,'2019-03-11 13:27:48'),(262,1,4095,'2019-03-11 13:28:00'),(263,1,4095,'2019-03-11 13:28:05'),(264,1,4095,'2019-03-11 13:28:20'),(265,1,4095,'2019-03-11 13:28:21'),(266,1,4095,'2019-03-11 13:28:38'),(267,1,4095,'2019-03-11 13:28:38'),(268,1,4095,'2019-03-11 13:28:54'),(269,1,4095,'2019-03-11 13:28:54'),(270,1,4095,'2019-03-11 13:29:12'),(271,1,4095,'2019-03-11 13:29:30'),(272,1,4095,'2019-03-11 13:30:21'),(273,1,4095,'2019-03-11 13:30:37'),(274,1,4095,'2019-03-11 13:31:12'),(275,1,4095,'2019-03-11 13:31:42'),(276,1,4095,'2019-03-11 13:32:41'),(277,1,4095,'2019-03-11 13:33:37'),(278,1,4095,'2019-03-11 13:34:37'),(279,1,4095,'2019-03-11 13:35:37'),(280,1,4095,'2019-03-11 13:36:41'),(281,1,126,'2019-03-11 13:48:52'),(282,1,4095,'2019-03-11 13:49:21'),(283,1,4095,'2019-03-11 13:49:38'),(284,1,4095,'2019-03-11 13:49:54'),(285,1,9,'2019-03-11 13:50:00'),(286,1,4095,'2019-03-11 13:50:11'),(287,1,4095,'2019-03-11 13:50:27'),(288,1,4095,'2019-03-11 13:50:44'),(289,1,12,'2019-03-11 13:50:51'),(290,1,4095,'2019-03-11 13:51:01'),(291,1,4095,'2019-03-11 13:51:17'),(292,1,4095,'2019-03-11 13:51:34'),(293,1,4095,'2019-03-11 13:51:51'),(294,1,11,'2019-03-11 13:51:51'),(295,1,4095,'2019-03-11 13:52:07'),(296,1,7,'2019-03-11 13:52:07'),(297,1,4095,'2019-03-11 13:52:24'),(298,1,4095,'2019-03-11 13:52:41'),(299,1,4095,'2019-03-11 13:52:57'),(300,1,14,'2019-03-11 13:52:58'),(301,1,4095,'2019-03-11 13:53:14'),(302,1,9,'2019-03-11 13:53:52'),(303,1,11,'2019-03-11 13:54:09'),(304,1,613,'2019-03-11 13:55:51'),(305,1,13,'2019-03-11 13:56:08'),(306,1,2897,'2019-03-11 14:11:12'),(307,1,2785,'2019-03-11 14:11:49'),(308,1,2796,'2019-03-11 14:12:05'),(309,1,2813,'2019-03-11 14:12:22'),(310,1,2791,'2019-03-11 14:12:39'),(311,1,2787,'2019-03-11 14:12:55'),(312,1,4095,'2019-03-11 14:13:12'),(313,1,3375,'2019-03-11 14:14:09'),(314,1,4095,'2019-03-11 14:14:26'),(315,1,3362,'2019-03-11 14:15:17'),(316,1,3328,'2019-03-11 14:15:34'),(317,1,3253,'2019-03-11 14:16:09'),(318,1,4,'2019-03-11 14:16:26'),(319,1,4095,'2019-03-11 14:17:17'),(320,1,0,'2019-03-11 14:17:34'),(321,1,4095,'2019-03-11 14:18:08'),(322,1,4095,'2019-03-11 14:18:25'),(323,1,3,'2019-03-11 14:23:34'),(324,1,1,'2019-03-11 14:24:28'),(325,1,0,'2019-03-11 14:24:45'),(326,1,0,'2019-03-11 14:25:36'),(327,1,0,'2019-03-11 14:26:30'),(328,1,0,'2019-03-11 14:26:46'),(329,1,0,'2019-03-11 14:27:37'),(330,1,4095,'2019-03-11 14:28:29'),(331,1,4095,'2019-03-11 14:28:46'),(332,1,4095,'2019-03-11 14:29:37'),(333,1,4,'2019-03-11 14:29:53'),(334,1,2,'2019-03-11 14:30:46'),(335,1,6,'2019-03-11 14:31:37'),(336,1,2,'2019-03-11 14:31:54'),(337,1,5,'2019-03-11 14:32:28'),(338,1,1,'2019-03-11 14:32:45'),(339,1,6,'2019-03-11 14:33:36'),(340,1,7,'2019-03-11 14:33:53'),(341,1,3,'2019-03-11 14:34:44'),(342,1,6,'2019-03-11 14:35:35'),(343,1,6,'2019-03-11 14:35:51'),(344,1,7,'2019-03-11 14:36:42'),(345,1,5,'2019-03-11 14:36:59'),(346,1,140,'2019-03-11 14:37:26'),(347,1,15,'2019-03-11 14:37:43'),(348,1,12,'2019-03-11 14:38:00'),(349,1,16,'2019-03-11 14:38:24'),(350,1,15,'2019-03-11 14:38:40'),(351,1,13,'2019-03-11 14:38:57'),(352,1,4095,'2019-03-11 14:39:25'),(353,1,4095,'2019-03-11 14:39:42'),(354,1,4095,'2019-03-11 14:39:59'),(355,1,4095,'2019-03-11 14:41:26'),(356,1,4095,'2019-03-11 14:41:52'),(357,1,4095,'2019-03-11 14:42:35'),(358,1,4095,'2019-03-11 14:42:52'),(359,1,4095,'2019-03-11 14:43:09'),(360,1,4095,'2019-03-11 14:43:26'),(361,1,4095,'2019-03-11 14:43:43'),(362,1,4095,'2019-03-11 14:44:00'),(363,1,4095,'2019-03-11 14:44:25'),(364,1,4095,'2019-03-11 14:44:42'),(365,1,4095,'2019-03-11 14:44:59'),(366,1,4095,'2019-03-11 14:45:25'),(367,1,4095,'2019-03-11 14:45:50'),(368,1,4095,'2019-03-11 14:46:10'),(369,1,4095,'2019-03-11 14:46:27'),(370,1,4095,'2019-03-11 14:46:44'),(371,1,4095,'2019-03-11 14:47:01'),(372,1,4095,'2019-03-11 14:49:34'),(373,1,4095,'2019-03-11 14:49:52'),(374,1,4095,'2019-03-11 14:50:09'),(375,1,4095,'2019-03-11 14:50:35'),(376,1,4095,'2019-03-11 14:51:30'),(377,1,4095,'2019-03-11 14:52:00'),(378,2,4095,'2019-03-11 14:52:34'),(379,2,2629,'2019-03-11 14:52:51'),(380,2,2853,'2019-03-11 14:53:08'),(381,2,2743,'2019-03-11 14:53:24'),(382,2,2730,'2019-03-11 14:53:41'),(383,2,2785,'2019-03-11 14:53:59'),(384,2,4095,'2019-03-11 14:54:16'),(385,2,4095,'2019-03-11 14:54:32'),(386,2,1808,'2019-03-11 15:02:42'),(387,2,2864,'2019-03-11 15:02:59'),(388,2,2391,'2019-03-11 15:03:15'),(389,2,2349,'2019-03-11 15:03:34'),(390,2,2483,'2019-03-11 15:03:54'),(391,2,2505,'2019-03-11 15:04:15'),(392,2,2479,'2019-03-11 15:04:32'),(393,2,2483,'2019-03-11 15:04:48'),(394,2,2493,'2019-03-11 15:05:05'),(395,2,2437,'2019-03-11 15:05:29'),(396,2,2480,'2019-03-11 15:05:46'),(397,2,2431,'2019-03-11 15:06:03'),(398,2,2450,'2019-03-11 15:06:20'),(399,2,2446,'2019-03-11 15:06:37'),(400,2,3012,'2019-03-11 15:06:53'),(401,2,2007,'2019-03-11 15:07:11'),(402,2,2413,'2019-03-11 15:07:27'),(403,2,2368,'2019-03-11 15:07:45'),(404,2,2319,'2019-03-11 15:08:02'),(405,2,2453,'2019-03-11 15:08:19'),(406,2,1809,'2019-03-11 15:08:36'),(407,2,2390,'2019-03-11 15:08:52'),(408,2,2511,'2019-03-11 15:09:09'),(409,2,2450,'2019-03-11 15:09:26'),(410,2,1923,'2019-03-11 15:09:42'),(411,2,2342,'2019-03-11 15:09:59'),(412,2,2382,'2019-03-11 15:10:16'),(413,2,2426,'2019-03-11 15:10:32'),(414,2,2339,'2019-03-11 15:10:49'),(415,2,2416,'2019-03-11 15:11:06'),(416,2,2448,'2019-03-11 15:11:22'),(417,2,2314,'2019-03-11 15:11:39'),(418,2,2434,'2019-03-11 15:11:56'),(419,2,2453,'2019-03-11 15:12:12'),(420,2,2480,'2019-03-11 15:12:29'),(421,2,2381,'2019-03-11 15:12:46'),(422,2,2417,'2019-03-11 15:13:02'),(423,2,2443,'2019-03-11 15:13:19'),(424,2,2448,'2019-03-11 15:13:36'),(425,2,2449,'2019-03-11 15:13:53'),(426,2,2475,'2019-03-11 15:14:09'),(427,2,2469,'2019-03-11 15:14:26'),(428,2,2426,'2019-03-11 15:14:43'),(429,2,2448,'2019-03-11 15:14:59'),(430,2,2417,'2019-03-11 15:15:16'),(431,2,2282,'2019-03-11 15:15:33'),(432,2,2337,'2019-03-11 15:15:49'),(433,2,1846,'2019-03-11 15:16:07'),(434,2,2187,'2019-03-11 15:16:23'),(435,2,2306,'2019-03-11 15:16:40'),(436,2,2301,'2019-03-11 15:16:57'),(437,2,2384,'2019-03-11 15:17:14'),(438,2,2448,'2019-03-11 15:17:30'),(439,2,2176,'2019-03-11 15:17:47'),(440,2,2403,'2019-03-11 15:18:04'),(441,2,2474,'2019-03-11 15:18:21'),(442,2,2470,'2019-03-11 15:18:37'),(443,2,2434,'2019-03-11 15:18:54'),(444,2,2480,'2019-03-11 15:19:11'),(445,2,2432,'2019-03-11 15:19:27'),(446,2,2469,'2019-03-11 15:19:44'),(447,2,2455,'2019-03-11 15:20:01'),(448,2,2455,'2019-03-11 15:20:17'),(449,2,2318,'2019-03-11 15:20:34'),(450,2,2363,'2019-03-11 15:20:51'),(451,2,2431,'2019-03-11 15:21:07'),(452,2,2352,'2019-03-11 15:21:40'),(453,2,2423,'2019-03-11 15:21:57'),(454,2,2432,'2019-03-11 15:22:13'),(455,2,2314,'2019-03-11 15:22:30'),(456,2,2389,'2019-03-11 15:22:47'),(457,2,2416,'2019-03-11 15:23:04'),(458,2,2358,'2019-03-11 15:23:20'),(459,2,2429,'2019-03-11 15:23:38'),(460,2,2448,'2019-03-11 15:23:55'),(461,2,2455,'2019-03-11 15:24:12'),(462,2,2486,'2019-03-11 15:24:28'),(463,2,2440,'2019-03-11 15:24:45'),(464,2,2477,'2019-03-11 15:25:02'),(465,2,2131,'2019-03-11 15:25:18'),(466,2,2357,'2019-03-11 15:25:35'),(467,2,2405,'2019-03-11 15:25:52'),(468,2,2359,'2019-03-11 15:26:08'),(469,2,2451,'2019-03-11 15:26:25'),(470,2,2447,'2019-03-11 15:26:41'),(471,2,2423,'2019-03-11 15:26:58'),(472,2,2415,'2019-03-11 15:27:15'),(473,2,2463,'2019-03-11 15:27:32'),(474,2,2480,'2019-03-11 15:27:50'),(475,2,2097,'2019-03-11 15:28:07'),(476,2,2426,'2019-03-11 15:28:24'),(477,2,2470,'2019-03-11 15:28:41'),(478,2,2415,'2019-03-11 15:28:57'),(479,2,2477,'2019-03-11 15:29:14'),(480,2,2467,'2019-03-11 15:29:31'),(481,2,2384,'2019-03-11 15:29:48'),(482,2,2431,'2019-03-11 15:30:05'),(483,2,2436,'2019-03-11 15:30:22'),(484,2,2496,'2019-03-11 15:30:39'),(485,2,2493,'2019-03-11 15:30:56'),(486,2,2491,'2019-03-11 15:31:13'),(487,2,2509,'2019-03-11 15:31:30'),(488,2,2485,'2019-03-11 15:31:47'),(489,2,2490,'2019-03-11 15:32:06'),(490,2,2481,'2019-03-11 15:32:24'),(491,2,2481,'2019-03-11 15:32:43'),(492,2,2482,'2019-03-11 15:33:01'),(493,2,2503,'2019-03-11 15:33:18'),(494,2,2506,'2019-03-11 15:33:36'),(495,2,2502,'2019-03-11 15:33:55'),(496,2,2523,'2019-03-11 15:34:12'),(497,2,2495,'2019-03-11 15:34:29'),(498,2,2503,'2019-03-11 15:34:46'),(499,2,2497,'2019-03-11 15:35:05'),(500,2,2505,'2019-03-11 15:35:22'),(501,2,2487,'2019-03-11 15:35:42'),(502,2,2514,'2019-03-11 15:35:59'),(503,2,2528,'2019-03-11 15:36:16'),(504,2,2515,'2019-03-11 15:36:34'),(505,2,2231,'2019-03-11 15:36:51'),(506,2,2448,'2019-03-11 15:37:09'),(507,2,2455,'2019-03-11 15:37:27'),(508,2,2491,'2019-03-11 15:37:44'),(509,2,2442,'2019-03-11 15:38:02'),(510,2,2501,'2019-03-11 15:38:20'),(511,1,1097,'2019-03-12 10:49:39'),(512,1,661,'2019-03-12 11:13:31'),(513,1,213,'2019-03-12 11:15:22'),(514,1,25,'2019-03-12 11:17:43'),(515,1,68,'2019-03-12 11:19:12'),(516,1,1671,'2019-03-12 11:20:51'),(517,1,4136,'2019-03-12 11:22:18'),(518,1,4139,'2019-03-12 11:23:45'),(519,1,4156,'2019-03-12 11:25:12'),(520,1,4171,'2019-03-12 11:26:39'),(521,1,4198,'2019-03-12 11:30:47'),(522,1,3598,'2019-03-12 11:33:30'),(523,1,3625,'2019-03-12 11:35:05'),(524,1,3653,'2019-03-12 11:40:14'),(525,1,3677,'2019-03-12 11:41:34'),(526,1,3620,'2019-03-12 11:42:40'),(527,1,3629,'2019-03-12 11:43:49'),(528,1,3592,'2019-03-12 11:45:06'),(529,1,3584,'2019-03-12 11:52:01'),(530,1,3510,'2019-03-12 11:57:52'),(531,1,3444,'2019-03-12 11:59:03'),(532,1,3434,'2019-03-12 12:00:56'),(533,1,3417,'2019-03-12 12:02:03'),(534,1,3380,'2019-03-12 12:03:13'),(535,1,3372,'2019-03-12 12:05:26'),(536,1,3355,'2019-03-12 12:06:32'),(537,1,3332,'2019-03-12 12:07:42'),(538,1,3332,'2019-03-12 12:10:49'),(539,1,3200,'2019-03-12 13:12:45'),(540,3,2250,'2019-03-12 16:54:22'),(541,3,2248,'2019-03-12 16:55:28'),(542,3,2240,'2019-03-12 16:56:33'),(543,3,2214,'2019-03-12 16:57:38'),(544,3,2181,'2019-03-12 16:58:43'),(545,3,2145,'2019-03-12 16:59:48'),(546,3,2124,'2019-03-12 17:00:54'),(547,3,2110,'2019-03-12 17:01:59'),(548,3,2091,'2019-03-12 17:03:04'),(549,3,2079,'2019-03-12 17:04:09'),(550,3,2056,'2019-03-12 17:05:14'),(551,3,2036,'2019-03-12 17:06:21'),(552,3,1997,'2019-03-12 17:07:45'),(553,3,2001,'2019-03-12 17:08:51'),(554,3,1994,'2019-03-12 17:09:56'),(555,3,1988,'2019-03-12 17:11:01'),(556,3,1988,'2019-03-12 17:12:06'),(557,3,1998,'2019-03-12 17:13:12'),(558,3,1989,'2019-03-12 17:14:18'),(559,3,1981,'2019-03-12 17:15:24'),(560,3,1975,'2019-03-12 17:16:29'),(561,3,1983,'2019-03-12 17:17:34'),(562,3,1990,'2019-03-12 17:18:39'),(563,3,1992,'2019-03-12 17:19:44'),(564,3,1997,'2019-03-12 17:20:49'),(565,3,1992,'2019-03-12 17:21:54'),(566,3,1995,'2019-03-12 17:23:00'),(567,3,2000,'2019-03-12 17:24:05'),(568,3,2007,'2019-03-12 17:25:10'),(569,3,2011,'2019-03-12 17:26:15'),(570,3,2017,'2019-03-12 17:27:21'),(571,3,2016,'2019-03-12 17:28:26'),(572,3,2026,'2019-03-12 17:29:31'),(573,3,2035,'2019-03-12 17:30:36'),(574,3,2043,'2019-03-12 17:31:41'),(575,3,2053,'2019-03-12 17:32:46'),(576,3,2059,'2019-03-12 17:33:52'),(577,3,2065,'2019-03-12 17:34:57'),(578,3,2076,'2019-03-12 17:36:02'),(579,3,2083,'2019-03-12 17:37:07'),(580,3,2757,'2019-03-12 17:38:12'),(581,3,4095,'2019-03-12 17:39:17'),(582,3,2372,'2019-03-12 17:41:21'),(583,3,2039,'2019-03-12 17:42:26'),(584,3,2023,'2019-03-12 17:43:32'),(585,3,1998,'2019-03-12 17:44:38'),(586,3,1969,'2019-03-12 17:45:44'),(587,3,1953,'2019-03-12 17:46:49'),(588,3,1938,'2019-03-12 17:47:54'),(589,3,1921,'2019-03-12 17:49:00'),(590,3,1903,'2019-03-12 17:50:05'),(591,3,1897,'2019-03-12 17:51:10'),(592,3,1882,'2019-03-12 17:52:16'),(593,3,1876,'2019-03-12 17:53:21'),(594,3,1862,'2019-03-12 17:54:27'),(595,3,1856,'2019-03-12 17:55:33'),(596,3,1847,'2019-03-12 17:56:38'),(597,3,1841,'2019-03-12 17:57:43'),(598,3,1830,'2019-03-12 17:58:49'),(599,3,1831,'2019-03-12 17:59:54'),(600,3,1828,'2019-03-12 18:00:59'),(601,3,1824,'2019-03-12 18:02:04'),(602,3,1812,'2019-03-12 18:03:10'),(603,3,1808,'2019-03-12 18:04:15'),(604,3,1807,'2019-03-12 18:05:21'),(605,3,1808,'2019-03-12 18:06:26'),(606,3,1800,'2019-03-12 18:07:32'),(607,3,1801,'2019-03-12 18:08:37'),(608,3,1795,'2019-03-12 18:09:42'),(609,3,1792,'2019-03-12 18:10:47'),(610,3,1789,'2019-03-12 18:11:53'),(611,3,1781,'2019-03-12 18:12:58'),(612,3,1784,'2019-03-12 18:14:03'),(613,3,1785,'2019-03-12 18:15:08'),(614,3,1782,'2019-03-12 18:16:14'),(615,3,1780,'2019-03-12 18:17:19'),(616,3,1785,'2019-03-12 18:18:24'),(617,3,1783,'2019-03-12 18:19:29'),(618,3,1783,'2019-03-12 18:20:35'),(619,3,1787,'2019-03-12 18:21:41'),(620,3,1790,'2019-03-12 18:22:47'),(621,3,1797,'2019-03-12 18:23:52'),(622,3,1802,'2019-03-12 18:24:58'),(623,3,1791,'2019-03-12 18:26:03'),(624,3,1795,'2019-03-12 18:27:09'),(625,3,1794,'2019-03-12 18:28:14'),(626,3,1786,'2019-03-12 18:29:20'),(627,3,1790,'2019-03-12 18:30:25'),(628,3,1787,'2019-03-12 18:31:30'),(629,3,1795,'2019-03-12 18:32:35'),(630,3,1801,'2019-03-12 18:33:40'),(631,3,1801,'2019-03-12 18:34:46'),(632,3,1793,'2019-03-12 18:35:51'),(633,3,1798,'2019-03-12 18:36:56'),(634,3,1804,'2019-03-12 18:38:02'),(635,3,1809,'2019-03-12 18:39:08'),(636,3,1815,'2019-03-12 18:40:13'),(637,3,1815,'2019-03-12 18:41:18'),(638,3,1817,'2019-03-12 18:42:24'),(639,3,1818,'2019-03-12 18:43:29'),(640,3,1820,'2019-03-12 18:44:34'),(641,3,1824,'2019-03-12 18:45:41'),(642,3,1827,'2019-03-12 18:46:46'),(643,3,1832,'2019-03-12 18:47:51'),(644,3,1832,'2019-03-12 18:48:56'),(645,3,1837,'2019-03-12 18:50:01'),(646,3,1835,'2019-03-12 18:51:06'),(647,3,1837,'2019-03-12 18:52:12'),(648,3,1843,'2019-03-12 18:53:17'),(649,3,1853,'2019-03-12 18:54:22'),(650,3,1850,'2019-03-12 18:55:27'),(651,3,1855,'2019-03-12 18:56:33'),(652,3,1857,'2019-03-12 18:57:38'),(653,3,1870,'2019-03-12 18:58:43'),(654,3,1870,'2019-03-12 18:59:48'),(655,3,1880,'2019-03-12 19:00:53'),(656,3,1885,'2019-03-12 19:02:02'),(657,3,1890,'2019-03-12 19:03:07'),(658,3,1889,'2019-03-12 19:04:12'),(659,3,1888,'2019-03-12 19:05:17'),(660,3,1894,'2019-03-12 19:06:23'),(661,3,1885,'2019-03-12 19:07:28'),(662,3,1905,'2019-03-12 19:08:33'),(663,3,1909,'2019-03-12 19:09:39'),(664,3,1909,'2019-03-12 19:10:44'),(665,3,1908,'2019-03-12 19:11:50'),(666,3,1922,'2019-03-12 19:12:55'),(667,3,1931,'2019-03-12 19:14:00'),(668,3,1939,'2019-03-12 19:15:05'),(669,3,1939,'2019-03-12 19:16:10'),(670,3,1945,'2019-03-12 19:17:15'),(671,3,1952,'2019-03-12 19:18:21'),(672,3,1957,'2019-03-12 19:19:26'),(673,3,1964,'2019-03-12 19:20:31'),(674,3,1971,'2019-03-12 19:21:36'),(675,3,1972,'2019-03-12 19:22:41'),(676,3,1989,'2019-03-12 19:23:47'),(677,3,1989,'2019-03-12 19:24:52'),(678,3,1993,'2019-03-12 19:25:57'),(679,3,2002,'2019-03-12 19:27:02'),(680,3,2006,'2019-03-12 19:28:08'),(681,3,2026,'2019-03-12 19:29:13'),(682,3,2018,'2019-03-12 19:30:18'),(683,3,2013,'2019-03-12 19:31:23'),(684,3,2027,'2019-03-12 19:32:29'),(685,3,2032,'2019-03-12 19:33:34'),(686,3,2029,'2019-03-12 19:34:40'),(687,3,2033,'2019-03-12 19:35:45'),(688,3,2037,'2019-03-12 19:36:50'),(689,3,2028,'2019-03-12 19:37:56'),(690,3,2026,'2019-03-12 19:39:01'),(691,3,2024,'2019-03-12 19:40:06'),(692,3,2032,'2019-03-12 19:41:11'),(693,3,2030,'2019-03-12 19:42:17'),(694,3,2028,'2019-03-12 19:43:22'),(695,3,2024,'2019-03-12 19:44:29'),(696,3,2035,'2019-03-12 19:45:34'),(697,3,2030,'2019-03-12 19:46:39'),(698,3,2031,'2019-03-12 19:47:45'),(699,3,2034,'2019-03-12 19:48:51'),(700,3,2017,'2019-03-12 19:49:58'),(701,3,2022,'2019-03-12 19:51:03'),(702,3,2022,'2019-03-12 19:52:08'),(703,3,2017,'2019-03-12 19:53:13'),(704,3,2023,'2019-03-12 19:54:18'),(705,3,2012,'2019-03-12 19:55:25'),(706,3,2006,'2019-03-12 19:56:30'),(707,3,2007,'2019-03-12 19:57:37'),(708,3,2004,'2019-03-12 19:58:42'),(709,3,1995,'2019-03-12 19:59:47'),(710,3,1998,'2019-03-12 20:00:52'),(711,3,1993,'2019-03-12 20:01:59'),(712,3,1988,'2019-03-12 20:03:06'),(713,3,1979,'2019-03-12 20:04:11'),(714,3,1968,'2019-03-12 20:05:16'),(715,3,1967,'2019-03-12 20:06:21'),(716,3,1964,'2019-03-12 20:07:26'),(717,3,1954,'2019-03-12 20:08:32'),(718,3,1951,'2019-03-12 20:09:37'),(719,3,1950,'2019-03-12 20:10:42'),(720,3,1948,'2019-03-12 20:11:47'),(721,3,1939,'2019-03-12 20:12:52'),(722,3,1937,'2019-03-12 20:13:57'),(723,3,1929,'2019-03-12 20:15:03'),(724,3,1930,'2019-03-12 20:16:08'),(725,3,1929,'2019-03-12 20:17:13'),(726,3,1925,'2019-03-12 20:18:19'),(727,3,1923,'2019-03-12 20:19:24'),(728,3,1915,'2019-03-12 20:20:29'),(729,3,1915,'2019-03-12 20:21:34'),(730,3,1911,'2019-03-12 20:22:39'),(731,3,1902,'2019-03-12 20:23:44'),(732,3,1900,'2019-03-12 20:24:50'),(733,3,1894,'2019-03-12 20:25:55'),(734,3,1892,'2019-03-12 20:27:00'),(735,3,1883,'2019-03-12 20:28:05'),(736,3,1885,'2019-03-12 20:29:10'),(737,3,1878,'2019-03-12 20:30:16'),(738,3,1873,'2019-03-12 20:31:21'),(739,3,1869,'2019-03-12 20:32:26'),(740,3,1865,'2019-03-12 20:33:31'),(741,3,1861,'2019-03-12 20:34:40'),(742,3,1859,'2019-03-12 20:35:46'),(743,3,1854,'2019-03-12 20:36:51'),(744,3,1850,'2019-03-12 20:37:56'),(745,3,1844,'2019-03-12 20:39:01'),(746,3,1843,'2019-03-12 20:40:06'),(747,3,1839,'2019-03-12 20:41:11'),(748,3,1842,'2019-03-12 20:42:17'),(749,3,1839,'2019-03-12 20:43:23'),(750,3,1837,'2019-03-12 20:44:28'),(751,3,1831,'2019-03-12 20:45:33'),(752,3,1829,'2019-03-12 20:46:38'),(753,3,1830,'2019-03-12 20:47:44'),(754,3,1827,'2019-03-12 20:48:49'),(755,3,1826,'2019-03-12 20:49:54'),(756,3,1824,'2019-03-12 20:51:00'),(757,3,1826,'2019-03-12 20:52:05'),(758,3,1818,'2019-03-12 20:53:11'),(759,3,1817,'2019-03-12 20:54:17'),(760,3,1814,'2019-03-12 20:55:22'),(761,3,1814,'2019-03-12 20:56:28'),(762,3,1813,'2019-03-12 20:57:33'),(763,3,1812,'2019-03-12 20:58:38'),(764,3,1809,'2019-03-12 20:59:43'),(765,3,1810,'2019-03-12 21:00:48'),(766,3,1808,'2019-03-12 21:01:54'),(767,3,1805,'2019-03-12 21:02:59'),(768,3,1803,'2019-03-12 21:04:04'),(769,3,1803,'2019-03-12 21:05:09'),(770,3,1803,'2019-03-12 21:06:16'),(771,3,1800,'2019-03-12 21:07:21'),(772,3,1795,'2019-03-12 21:08:30'),(773,3,1794,'2019-03-12 21:09:40'),(774,3,1793,'2019-03-12 21:10:47'),(775,3,1794,'2019-03-12 21:11:52'),(776,3,1795,'2019-03-12 21:12:58'),(777,3,1790,'2019-03-12 21:14:04'),(778,3,1784,'2019-03-12 21:15:10'),(779,3,1784,'2019-03-12 21:16:17'),(780,3,1783,'2019-03-12 21:17:22'),(781,3,1777,'2019-03-12 21:18:27'),(782,3,1783,'2019-03-12 21:19:33'),(783,3,1777,'2019-03-12 21:20:38'),(784,3,1779,'2019-03-12 21:21:43'),(785,3,1778,'2019-03-12 21:22:49'),(786,3,1774,'2019-03-12 21:23:54'),(787,3,1779,'2019-03-12 21:24:59'),(788,3,1779,'2019-03-12 21:26:04'),(789,3,1777,'2019-03-12 21:27:10'),(790,3,1775,'2019-03-12 21:28:16'),(791,3,1773,'2019-03-12 21:29:21'),(792,3,1775,'2019-03-12 21:30:26'),(793,3,1774,'2019-03-12 21:31:32'),(794,3,1777,'2019-03-12 21:32:37'),(795,3,1771,'2019-03-12 21:33:42'),(796,3,1774,'2019-03-12 21:34:49'),(797,3,1774,'2019-03-12 21:35:54'),(798,3,1774,'2019-03-12 21:36:59'),(799,3,1775,'2019-03-12 21:38:04'),(800,3,1771,'2019-03-12 21:39:10'),(801,3,1768,'2019-03-12 21:40:16'),(802,3,1771,'2019-03-12 21:41:21'),(803,3,1767,'2019-03-12 21:42:27'),(804,3,1766,'2019-03-12 21:43:33'),(805,3,1769,'2019-03-12 21:44:38'),(806,3,1768,'2019-03-12 21:45:43'),(807,3,1766,'2019-03-12 21:46:48'),(808,3,1766,'2019-03-12 21:47:53'),(809,3,1765,'2019-03-12 21:49:00'),(810,3,1765,'2019-03-12 21:50:06'),(811,3,1765,'2019-03-12 21:51:11'),(812,3,1763,'2019-03-12 21:52:16'),(813,3,1765,'2019-03-12 21:53:22'),(814,3,1765,'2019-03-12 21:54:29'),(815,3,1766,'2019-03-12 21:55:34'),(816,3,1763,'2019-03-12 21:56:41'),(817,3,1763,'2019-03-12 21:57:46'),(818,3,1760,'2019-03-12 21:58:52'),(819,3,1760,'2019-03-12 21:59:58'),(820,3,1756,'2019-03-12 22:01:03'),(821,3,1760,'2019-03-12 22:02:09'),(822,3,1758,'2019-03-12 22:03:15'),(823,3,1756,'2019-03-12 22:04:20'),(824,3,1753,'2019-03-12 22:05:25'),(825,3,1752,'2019-03-12 22:06:30'),(826,3,1754,'2019-03-12 22:07:35'),(827,3,1753,'2019-03-12 22:08:40'),(828,3,1754,'2019-03-12 22:09:46'),(829,3,1753,'2019-03-12 22:10:51'),(830,3,1756,'2019-03-12 22:11:56'),(831,3,1753,'2019-03-12 22:13:01'),(832,3,1754,'2019-03-12 22:14:06'),(833,3,1757,'2019-03-12 22:15:14'),(834,3,1751,'2019-03-12 22:16:20'),(835,3,1753,'2019-03-12 22:17:26'),(836,3,1755,'2019-03-12 22:18:31'),(837,3,1752,'2019-03-12 22:19:36'),(838,3,1754,'2019-03-12 22:20:41'),(839,3,1752,'2019-03-12 22:21:48'),(840,3,1754,'2019-03-12 22:22:53'),(841,3,1753,'2019-03-12 22:23:58'),(842,3,1754,'2019-03-12 22:25:03'),(843,3,1754,'2019-03-12 22:26:09'),(844,3,1754,'2019-03-12 22:27:14'),(845,3,1753,'2019-03-12 22:28:20'),(846,3,1750,'2019-03-12 22:29:25'),(847,3,1751,'2019-03-12 22:30:30'),(848,3,1750,'2019-03-12 22:31:36'),(849,3,1743,'2019-03-12 22:32:41'),(850,3,1752,'2019-03-12 22:33:46'),(851,3,1746,'2019-03-12 22:34:51'),(852,3,1748,'2019-03-12 22:35:56'),(853,3,1749,'2019-03-12 22:37:02'),(854,3,1748,'2019-03-12 22:38:08'),(855,3,1749,'2019-03-12 22:39:13'),(856,3,1746,'2019-03-12 22:40:18'),(857,3,1748,'2019-03-12 22:41:23'),(858,3,1754,'2019-03-12 22:42:28'),(859,3,1751,'2019-03-12 22:43:36'),(860,3,1747,'2019-03-12 22:44:41'),(861,3,1749,'2019-03-12 22:45:46'),(862,3,1747,'2019-03-12 22:46:51'),(863,3,1747,'2019-03-12 22:47:56'),(864,3,1745,'2019-03-12 22:49:01'),(865,3,1750,'2019-03-12 22:50:06'),(866,3,1747,'2019-03-12 22:51:11'),(867,3,1746,'2019-03-12 22:52:16'),(868,3,1749,'2019-03-12 22:53:21'),(869,3,1747,'2019-03-12 22:54:26'),(870,3,1743,'2019-03-12 22:55:31'),(871,3,1744,'2019-03-12 22:56:37'),(872,3,1744,'2019-03-12 22:57:42'),(873,3,1743,'2019-03-12 22:58:47'),(874,3,1741,'2019-03-12 22:59:52'),(875,3,1749,'2019-03-12 23:00:57'),(876,3,1747,'2019-03-12 23:02:02'),(877,3,1740,'2019-03-12 23:03:07'),(878,3,1747,'2019-03-12 23:04:13'),(879,3,1743,'2019-03-12 23:05:18'),(880,3,1746,'2019-03-12 23:06:23'),(881,3,1744,'2019-03-12 23:07:28'),(882,3,1746,'2019-03-12 23:08:33'),(883,3,1741,'2019-03-12 23:09:38'),(884,3,1741,'2019-03-12 23:10:43'),(885,3,1744,'2019-03-12 23:11:48'),(886,3,1741,'2019-03-12 23:12:54'),(887,3,1743,'2019-03-12 23:13:59'),(888,3,1744,'2019-03-12 23:15:04'),(889,3,1744,'2019-03-12 23:16:11'),(890,3,1746,'2019-03-12 23:17:16'),(891,3,1743,'2019-03-12 23:18:23'),(892,3,1741,'2019-03-12 23:19:28'),(893,3,1738,'2019-03-12 23:20:33'),(894,3,1740,'2019-03-12 23:21:38'),(895,3,1740,'2019-03-12 23:22:43'),(896,3,1736,'2019-03-12 23:23:49'),(897,3,1736,'2019-03-12 23:24:55'),(898,3,1736,'2019-03-12 23:26:00'),(899,3,1735,'2019-03-12 23:27:05'),(900,3,1740,'2019-03-12 23:28:10'),(901,3,1737,'2019-03-12 23:29:16'),(902,3,1738,'2019-03-12 23:30:21'),(903,3,1739,'2019-03-12 23:31:26'),(904,3,1741,'2019-03-12 23:32:31'),(905,3,1739,'2019-03-12 23:33:37'),(906,3,1739,'2019-03-12 23:34:42'),(907,3,1738,'2019-03-12 23:35:49'),(908,3,1742,'2019-03-12 23:36:54'),(909,3,1741,'2019-03-12 23:37:59'),(910,3,1741,'2019-03-12 23:39:04'),(911,3,1740,'2019-03-12 23:40:09'),(912,3,1739,'2019-03-12 23:41:15'),(913,3,1738,'2019-03-12 23:42:20'),(914,3,1732,'2019-03-12 23:43:25'),(915,3,1735,'2019-03-12 23:44:32'),(916,3,1739,'2019-03-12 23:45:37'),(917,3,1734,'2019-03-12 23:46:42'),(918,3,1737,'2019-03-12 23:47:47'),(919,3,1733,'2019-03-12 23:48:52'),(920,3,1733,'2019-03-12 23:49:57'),(921,3,1734,'2019-03-12 23:51:03'),(922,3,1733,'2019-03-12 23:52:08'),(923,3,1734,'2019-03-12 23:53:14'),(924,3,1734,'2019-03-12 23:54:19'),(925,3,1728,'2019-03-12 23:55:24'),(926,3,1736,'2019-03-12 23:56:29'),(927,3,1731,'2019-03-12 23:57:35'),(928,3,1731,'2019-03-12 23:58:40'),(929,3,1732,'2019-03-12 23:59:46'),(930,3,1731,'2019-03-13 00:00:51'),(931,3,1732,'2019-03-13 00:01:56'),(932,3,1731,'2019-03-13 00:03:01'),(933,3,1732,'2019-03-13 00:04:06'),(934,3,1730,'2019-03-13 00:05:11'),(935,3,1731,'2019-03-13 00:06:17'),(936,3,1728,'2019-03-13 00:07:22'),(937,3,1730,'2019-03-13 00:08:27'),(938,3,1735,'2019-03-13 00:09:32'),(939,3,1736,'2019-03-13 00:10:37'),(940,3,1735,'2019-03-13 00:11:42'),(941,3,1733,'2019-03-13 00:12:48'),(942,3,1731,'2019-03-13 00:13:55'),(943,3,1730,'2019-03-13 00:15:00'),(944,3,1732,'2019-03-13 00:16:05'),(945,3,1730,'2019-03-13 00:17:10'),(946,3,1732,'2019-03-13 00:18:15'),(947,3,1732,'2019-03-13 00:19:20'),(948,3,1730,'2019-03-13 00:20:27'),(949,3,1728,'2019-03-13 00:21:32'),(950,3,1731,'2019-03-13 00:22:38'),(951,3,1729,'2019-03-13 00:23:43'),(952,3,1730,'2019-03-13 00:24:48'),(953,3,1727,'2019-03-13 00:25:53'),(954,3,1730,'2019-03-13 00:26:58'),(955,3,1727,'2019-03-13 00:28:03'),(956,3,1730,'2019-03-13 00:29:09'),(957,3,1724,'2019-03-13 00:30:14'),(958,3,1730,'2019-03-13 00:31:19'),(959,3,1729,'2019-03-13 00:32:25'),(960,3,1728,'2019-03-13 00:33:30'),(961,3,1732,'2019-03-13 00:34:35'),(962,3,1728,'2019-03-13 00:35:42'),(963,3,1728,'2019-03-13 00:36:47'),(964,3,1730,'2019-03-13 00:37:53'),(965,3,1727,'2019-03-13 00:38:58'),(966,3,1727,'2019-03-13 00:40:05'),(967,3,1732,'2019-03-13 00:41:10'),(968,3,1728,'2019-03-13 00:42:15'),(969,3,1726,'2019-03-13 00:43:20'),(970,3,1731,'2019-03-13 00:44:26'),(971,3,1730,'2019-03-13 00:45:31'),(972,3,1721,'2019-03-13 00:46:36'),(973,3,1728,'2019-03-13 00:47:41'),(974,3,1718,'2019-03-13 00:48:46'),(975,3,1729,'2019-03-13 00:49:53'),(976,3,1731,'2019-03-13 00:50:58'),(977,3,1730,'2019-03-13 00:52:03'),(978,3,1727,'2019-03-13 00:53:08'),(979,3,1730,'2019-03-13 00:54:13'),(980,3,1726,'2019-03-13 00:55:20'),(981,3,1729,'2019-03-13 00:56:25'),(982,3,1730,'2019-03-13 00:57:30'),(983,3,1728,'2019-03-13 00:58:35'),(984,3,1728,'2019-03-13 00:59:41'),(985,3,1728,'2019-03-13 01:00:48'),(986,3,1729,'2019-03-13 01:01:53'),(987,3,1730,'2019-03-13 01:02:59'),(988,3,1722,'2019-03-13 01:04:08'),(989,3,1729,'2019-03-13 01:05:13'),(990,3,1730,'2019-03-13 01:06:19'),(991,3,1731,'2019-03-13 01:07:24'),(992,3,1730,'2019-03-13 01:08:29'),(993,3,1730,'2019-03-13 01:09:35'),(994,3,1732,'2019-03-13 01:10:41'),(995,3,1727,'2019-03-13 01:11:46'),(996,3,1729,'2019-03-13 01:12:51'),(997,3,1727,'2019-03-13 01:13:56'),(998,3,1728,'2019-03-13 01:15:01'),(999,3,1726,'2019-03-13 01:16:06'),(1000,3,1728,'2019-03-13 01:17:12'),(1001,3,1727,'2019-03-13 01:18:17'),(1002,3,1727,'2019-03-13 01:19:22'),(1003,3,1726,'2019-03-13 01:20:28'),(1004,3,1725,'2019-03-13 01:21:33'),(1005,3,1726,'2019-03-13 01:22:38'),(1006,3,1729,'2019-03-13 01:23:43'),(1007,3,1721,'2019-03-13 01:24:49'),(1008,3,1727,'2019-03-13 01:25:54'),(1009,3,1728,'2019-03-13 01:26:59'),(1010,3,1724,'2019-03-13 01:28:04'),(1011,3,1726,'2019-03-13 01:29:09'),(1012,3,1727,'2019-03-13 01:30:15'),(1013,3,1730,'2019-03-13 01:31:20'),(1014,3,1724,'2019-03-13 01:32:25'),(1015,3,1728,'2019-03-13 01:33:30'),(1016,3,1729,'2019-03-13 01:34:35'),(1017,3,1730,'2019-03-13 01:35:40'),(1018,3,1730,'2019-03-13 01:36:45'),(1019,3,1727,'2019-03-13 01:37:51'),(1020,3,1729,'2019-03-13 01:38:56'),(1021,3,1729,'2019-03-13 01:40:01'),(1022,3,1732,'2019-03-13 01:41:06'),(1023,3,1726,'2019-03-13 01:42:12'),(1024,3,1723,'2019-03-13 01:43:17'),(1025,3,1728,'2019-03-13 01:44:22'),(1026,3,1727,'2019-03-13 01:45:27'),(1027,3,1725,'2019-03-13 01:46:32'),(1028,3,1725,'2019-03-13 01:47:38'),(1029,3,1730,'2019-03-13 01:48:43'),(1030,3,1725,'2019-03-13 01:49:49'),(1031,3,1729,'2019-03-13 01:50:56'),(1032,3,1729,'2019-03-13 01:52:01'),(1033,3,1723,'2019-03-13 01:53:06'),(1034,3,1727,'2019-03-13 01:54:11'),(1035,3,1726,'2019-03-13 01:55:18'),(1036,3,1726,'2019-03-13 01:56:25'),(1037,3,1726,'2019-03-13 01:57:30'),(1038,3,1725,'2019-03-13 01:58:35'),(1039,3,1722,'2019-03-13 01:59:40'),(1040,3,1721,'2019-03-13 02:00:46'),(1041,3,1727,'2019-03-13 02:01:51'),(1042,3,1726,'2019-03-13 02:02:56'),(1043,3,1727,'2019-03-13 02:04:02'),(1044,3,1729,'2019-03-13 02:05:07'),(1045,3,1723,'2019-03-13 02:06:12'),(1046,3,1725,'2019-03-13 02:07:18'),(1047,3,1726,'2019-03-13 02:08:23'),(1048,3,1725,'2019-03-13 02:09:28'),(1049,3,1718,'2019-03-13 02:10:34'),(1050,3,1724,'2019-03-13 02:11:39'),(1051,3,1729,'2019-03-13 02:12:44'),(1052,3,1728,'2019-03-13 02:13:49'),(1053,3,1725,'2019-03-13 02:14:54'),(1054,3,1726,'2019-03-13 02:15:59'),(1055,3,1725,'2019-03-13 02:17:05'),(1056,3,1726,'2019-03-13 02:18:10'),(1057,3,1726,'2019-03-13 02:19:18'),(1058,3,1727,'2019-03-13 02:20:23'),(1059,3,1731,'2019-03-13 02:21:28'),(1060,3,1726,'2019-03-13 02:22:33'),(1061,3,1724,'2019-03-13 02:23:38'),(1062,3,1723,'2019-03-13 02:24:44'),(1063,3,1729,'2019-03-13 02:25:50'),(1064,3,1728,'2019-03-13 02:26:55'),(1065,3,1725,'2019-03-13 02:28:00'),(1066,3,1724,'2019-03-13 02:29:05'),(1067,3,1727,'2019-03-13 02:30:10'),(1068,3,1725,'2019-03-13 02:31:15'),(1069,3,1729,'2019-03-13 02:32:20'),(1070,3,1727,'2019-03-13 02:33:26'),(1071,3,1727,'2019-03-13 02:34:31'),(1072,3,1728,'2019-03-13 02:35:36'),(1073,3,1724,'2019-03-13 02:36:41'),(1074,3,1728,'2019-03-13 02:37:46'),(1075,3,1725,'2019-03-13 02:38:52'),(1076,3,1724,'2019-03-13 02:39:57'),(1077,3,1730,'2019-03-13 02:41:02'),(1078,3,1726,'2019-03-13 02:42:08'),(1079,3,1726,'2019-03-13 02:43:13'),(1080,3,1725,'2019-03-13 02:44:18'),(1081,3,1725,'2019-03-13 02:45:23'),(1082,3,1727,'2019-03-13 02:46:30'),(1083,3,1727,'2019-03-13 02:47:35'),(1084,3,1727,'2019-03-13 02:48:40'),(1085,3,1726,'2019-03-13 02:49:45'),(1086,3,1727,'2019-03-13 02:50:51'),(1087,3,1729,'2019-03-13 02:51:58'),(1088,3,1727,'2019-03-13 02:53:03'),(1089,3,1723,'2019-03-13 02:54:08'),(1090,3,1726,'2019-03-13 02:55:14'),(1091,3,1728,'2019-03-13 02:56:19'),(1092,3,1726,'2019-03-13 02:57:24'),(1093,3,1727,'2019-03-13 02:58:29'),(1094,3,1727,'2019-03-13 02:59:35'),(1095,3,1726,'2019-03-13 03:00:40'),(1096,3,1722,'2019-03-13 03:01:45'),(1097,3,1727,'2019-03-13 03:02:51'),(1098,3,1727,'2019-03-13 03:03:57'),(1099,3,1726,'2019-03-13 03:05:02'),(1100,3,1725,'2019-03-13 03:06:07'),(1101,3,1723,'2019-03-13 03:07:13'),(1102,3,1729,'2019-03-13 03:08:18'),(1103,3,1725,'2019-03-13 03:09:23'),(1104,3,1725,'2019-03-13 03:10:28'),(1105,3,1724,'2019-03-13 03:11:33'),(1106,3,1727,'2019-03-13 03:12:38'),(1107,3,1731,'2019-03-13 03:13:43'),(1108,3,1726,'2019-03-13 03:14:48'),(1109,3,1726,'2019-03-13 03:15:54'),(1110,3,1723,'2019-03-13 03:16:59'),(1111,3,1723,'2019-03-13 03:18:04'),(1112,3,1727,'2019-03-13 03:19:10'),(1113,3,1726,'2019-03-13 03:20:15'),(1114,3,1716,'2019-03-13 03:21:20'),(1115,3,1726,'2019-03-13 03:22:25'),(1116,3,1725,'2019-03-13 03:23:31'),(1117,3,1721,'2019-03-13 03:24:36'),(1118,3,1723,'2019-03-13 03:25:41'),(1119,3,1724,'2019-03-13 03:26:46'),(1120,3,1727,'2019-03-13 03:27:51'),(1121,3,1724,'2019-03-13 03:28:57'),(1122,3,1726,'2019-03-13 03:30:02'),(1123,3,1726,'2019-03-13 03:31:07'),(1124,3,1723,'2019-03-13 03:32:12'),(1125,3,1724,'2019-03-13 03:33:17'),(1126,3,1725,'2019-03-13 03:34:22'),(1127,3,1720,'2019-03-13 03:35:27'),(1128,3,1725,'2019-03-13 03:36:33'),(1129,3,1722,'2019-03-13 03:37:38'),(1130,3,1726,'2019-03-13 03:38:44'),(1131,3,1724,'2019-03-13 03:39:50'),(1132,3,1727,'2019-03-13 03:40:55'),(1133,3,1729,'2019-03-13 03:42:02'),(1134,3,1719,'2019-03-13 03:43:07'),(1135,3,1724,'2019-03-13 03:44:12'),(1136,3,1721,'2019-03-13 03:45:17'),(1137,3,1721,'2019-03-13 03:46:22'),(1138,3,1716,'2019-03-13 03:47:28'),(1139,3,1722,'2019-03-13 03:48:33'),(1140,3,1722,'2019-03-13 03:49:38'),(1141,3,1724,'2019-03-13 03:50:43'),(1142,3,1723,'2019-03-13 03:51:49'),(1143,3,1724,'2019-03-13 03:52:54'),(1144,3,1723,'2019-03-13 03:53:59'),(1145,3,1722,'2019-03-13 03:55:04'),(1146,3,1723,'2019-03-13 03:56:09'),(1147,3,1724,'2019-03-13 03:57:16'),(1148,3,1725,'2019-03-13 03:58:21'),(1149,3,1725,'2019-03-13 03:59:26'),(1150,3,1725,'2019-03-13 04:00:32'),(1151,3,1721,'2019-03-13 04:01:37'),(1152,3,1724,'2019-03-13 04:02:42'),(1153,3,1727,'2019-03-13 04:03:48'),(1154,3,1725,'2019-03-13 04:04:54'),(1155,3,1725,'2019-03-13 04:05:59'),(1156,3,1724,'2019-03-13 04:07:05'),(1157,3,1724,'2019-03-13 04:08:10'),(1158,3,1726,'2019-03-13 04:09:15'),(1159,3,1723,'2019-03-13 04:10:21'),(1160,3,1725,'2019-03-13 04:11:28'),(1161,3,1724,'2019-03-13 04:12:35'),(1162,3,1723,'2019-03-13 04:13:41'),(1163,3,1727,'2019-03-13 04:14:46'),(1164,3,1729,'2019-03-13 04:15:51'),(1165,3,1724,'2019-03-13 04:16:56'),(1166,3,1721,'2019-03-13 04:18:02'),(1167,3,1723,'2019-03-13 04:19:07'),(1168,3,1725,'2019-03-13 04:20:12'),(1169,3,1725,'2019-03-13 04:21:17'),(1170,3,1724,'2019-03-13 04:22:24'),(1171,3,1726,'2019-03-13 04:23:29'),(1172,3,1726,'2019-03-13 04:24:35'),(1173,3,1725,'2019-03-13 04:25:40'),(1174,3,1724,'2019-03-13 04:26:45'),(1175,3,1726,'2019-03-13 04:27:50'),(1176,3,1724,'2019-03-13 04:28:55'),(1177,3,1726,'2019-03-13 04:30:00'),(1178,3,1723,'2019-03-13 04:31:05'),(1179,3,1725,'2019-03-13 04:32:10'),(1180,3,1720,'2019-03-13 04:33:15'),(1181,3,1724,'2019-03-13 04:34:21'),(1182,3,1723,'2019-03-13 04:35:26'),(1183,3,1719,'2019-03-13 04:36:31'),(1184,3,1721,'2019-03-13 04:37:36'),(1185,3,1723,'2019-03-13 04:38:42'),(1186,3,1722,'2019-03-13 04:39:47'),(1187,3,1720,'2019-03-13 04:40:52'),(1188,3,1723,'2019-03-13 04:41:57'),(1189,3,1724,'2019-03-13 04:43:02'),(1190,3,1719,'2019-03-13 04:44:07'),(1191,3,1726,'2019-03-13 04:45:13'),(1192,3,1720,'2019-03-13 04:46:18'),(1193,3,1723,'2019-03-13 04:47:24'),(1194,3,1723,'2019-03-13 04:48:29'),(1195,3,1723,'2019-03-13 04:49:34'),(1196,3,1721,'2019-03-13 04:50:39'),(1197,3,1723,'2019-03-13 04:51:46'),(1198,3,1723,'2019-03-13 04:52:51'),(1199,3,1725,'2019-03-13 04:53:57'),(1200,3,1724,'2019-03-13 04:55:02'),(1201,3,1721,'2019-03-13 04:56:07'),(1202,3,1726,'2019-03-13 04:57:12'),(1203,3,1722,'2019-03-13 04:58:17'),(1204,3,1721,'2019-03-13 04:59:23'),(1205,3,1723,'2019-03-13 05:00:30'),(1206,3,1723,'2019-03-13 05:01:35'),(1207,3,1723,'2019-03-13 05:02:41'),(1208,3,1725,'2019-03-13 05:03:46'),(1209,3,1723,'2019-03-13 05:04:51'),(1210,3,1721,'2019-03-13 05:05:56'),(1211,3,1725,'2019-03-13 05:07:01'),(1212,3,1722,'2019-03-13 05:08:06'),(1213,3,1730,'2019-03-13 05:09:12'),(1214,3,1721,'2019-03-13 05:10:17'),(1215,3,1724,'2019-03-13 05:11:22'),(1216,3,1722,'2019-03-13 05:12:27'),(1217,3,1723,'2019-03-13 05:13:33'),(1218,3,1724,'2019-03-13 05:14:38'),(1219,3,1721,'2019-03-13 05:15:43'),(1220,3,1722,'2019-03-13 05:16:50'),(1221,3,1721,'2019-03-13 05:17:55'),(1222,3,1724,'2019-03-13 05:19:00'),(1223,3,1722,'2019-03-13 05:20:06'),(1224,3,1724,'2019-03-13 05:21:12'),(1225,3,1724,'2019-03-13 05:22:17'),(1226,3,1719,'2019-03-13 05:23:22'),(1227,3,1721,'2019-03-13 05:24:27'),(1228,3,1721,'2019-03-13 05:25:32'),(1229,3,1720,'2019-03-13 05:26:37'),(1230,3,1726,'2019-03-13 05:27:42'),(1231,3,1722,'2019-03-13 05:28:48'),(1232,3,1724,'2019-03-13 05:29:53'),(1233,3,1721,'2019-03-13 05:30:58'),(1234,3,1723,'2019-03-13 05:32:03'),(1235,3,1723,'2019-03-13 05:33:08'),(1236,3,1720,'2019-03-13 05:34:14'),(1237,3,1720,'2019-03-13 05:35:19'),(1238,3,1722,'2019-03-13 05:36:24'),(1239,3,1721,'2019-03-13 05:37:29'),(1240,3,1715,'2019-03-13 05:38:35'),(1241,3,1724,'2019-03-13 05:39:40'),(1242,3,1720,'2019-03-13 05:40:46'),(1243,3,1711,'2019-03-13 05:41:51'),(1244,3,1722,'2019-03-13 05:42:56'),(1245,3,1724,'2019-03-13 05:44:03'),(1246,3,1721,'2019-03-13 05:45:08'),(1247,3,1721,'2019-03-13 05:46:13'),(1248,3,1722,'2019-03-13 05:47:18'),(1249,3,1720,'2019-03-13 05:48:25'),(1250,3,1724,'2019-03-13 05:49:30'),(1251,3,1718,'2019-03-13 05:50:37'),(1252,3,1721,'2019-03-13 05:51:42'),(1253,3,1716,'2019-03-13 05:52:49'),(1254,3,1724,'2019-03-13 05:53:54'),(1255,3,1720,'2019-03-13 05:54:59'),(1256,3,1722,'2019-03-13 05:56:05'),(1257,3,1724,'2019-03-13 05:57:11'),(1258,3,1720,'2019-03-13 05:58:17'),(1259,3,1720,'2019-03-13 05:59:22'),(1260,3,1721,'2019-03-13 06:00:27'),(1261,3,1719,'2019-03-13 06:01:32'),(1262,3,1724,'2019-03-13 06:02:37'),(1263,3,1719,'2019-03-13 06:03:42'),(1264,3,1722,'2019-03-13 06:04:48'),(1265,3,1720,'2019-03-13 06:05:53'),(1266,3,1722,'2019-03-13 06:06:58'),(1267,3,1719,'2019-03-13 06:08:05'),(1268,3,1719,'2019-03-13 06:09:10'),(1269,3,1721,'2019-03-13 06:10:15'),(1270,3,1719,'2019-03-13 06:11:21'),(1271,3,1719,'2019-03-13 06:12:26'),(1272,3,1720,'2019-03-13 06:13:31'),(1273,3,1723,'2019-03-13 06:14:37'),(1274,3,1722,'2019-03-13 06:15:44'),(1275,3,1721,'2019-03-13 06:16:49'),(1276,3,1720,'2019-03-13 06:17:54'),(1277,3,1722,'2019-03-13 06:18:59'),(1278,3,1724,'2019-03-13 06:20:05'),(1279,3,1721,'2019-03-13 06:21:10'),(1280,3,1721,'2019-03-13 06:22:15'),(1281,3,1720,'2019-03-13 06:23:20'),(1282,3,1721,'2019-03-13 06:24:26'),(1283,3,1718,'2019-03-13 06:25:31'),(1284,3,1721,'2019-03-13 06:26:37'),(1285,3,1722,'2019-03-13 06:27:42'),(1286,3,1720,'2019-03-13 06:28:47'),(1287,3,1717,'2019-03-13 06:29:53'),(1288,3,1720,'2019-03-13 06:30:58'),(1289,3,1719,'2019-03-13 06:32:03'),(1290,3,1721,'2019-03-13 06:33:09'),(1291,3,1720,'2019-03-13 06:34:15'),(1292,3,1721,'2019-03-13 06:35:20'),(1293,3,1725,'2019-03-13 06:36:25'),(1294,3,1719,'2019-03-13 06:37:30'),(1295,3,1719,'2019-03-13 06:38:35'),(1296,3,1724,'2019-03-13 06:39:41'),(1297,3,1723,'2019-03-13 06:40:46'),(1298,3,1723,'2019-03-13 06:41:51'),(1299,3,1720,'2019-03-13 06:42:57'),(1300,3,1715,'2019-03-13 06:44:02'),(1301,3,1719,'2019-03-13 06:45:07'),(1302,3,1719,'2019-03-13 06:46:12'),(1303,3,1721,'2019-03-13 06:47:17'),(1304,3,1720,'2019-03-13 06:48:23'),(1305,3,1720,'2019-03-13 06:49:28'),(1306,3,1720,'2019-03-13 06:50:33'),(1307,3,1720,'2019-03-13 06:51:38'),(1308,3,1719,'2019-03-13 06:52:43'),(1309,3,1722,'2019-03-13 06:53:49'),(1310,3,1720,'2019-03-13 06:54:54'),(1311,3,1721,'2019-03-13 06:55:59'),(1312,3,1720,'2019-03-13 06:57:06'),(1313,3,1721,'2019-03-13 06:58:11'),(1314,3,1719,'2019-03-13 06:59:16'),(1315,3,1721,'2019-03-13 07:00:21'),(1316,3,1720,'2019-03-13 07:01:27'),(1317,3,1720,'2019-03-13 07:02:32'),(1318,3,1720,'2019-03-13 07:03:37'),(1319,3,1722,'2019-03-13 07:04:42'),(1320,3,1712,'2019-03-13 07:05:48'),(1321,3,1721,'2019-03-13 07:06:53'),(1322,3,1722,'2019-03-13 07:07:58'),(1323,3,1720,'2019-03-13 07:09:03'),(1324,3,1720,'2019-03-13 07:10:09'),(1325,3,1720,'2019-03-13 07:11:14'),(1326,3,1723,'2019-03-13 07:12:19'),(1327,3,1723,'2019-03-13 07:13:24'),(1328,3,1718,'2019-03-13 07:14:29'),(1329,3,1721,'2019-03-13 07:15:36'),(1330,3,1717,'2019-03-13 07:16:41'),(1331,3,1721,'2019-03-13 07:17:47'),(1332,3,1718,'2019-03-13 07:18:52'),(1333,3,1720,'2019-03-13 07:19:57'),(1334,3,1717,'2019-03-13 07:21:02'),(1335,3,1721,'2019-03-13 07:22:08'),(1336,3,1718,'2019-03-13 07:23:13'),(1337,3,1719,'2019-03-13 07:24:18'),(1338,3,1719,'2019-03-13 07:25:23'),(1339,3,1718,'2019-03-13 07:26:29'),(1340,3,1717,'2019-03-13 07:27:34'),(1341,3,1724,'2019-03-13 07:28:39'),(1342,3,1717,'2019-03-13 07:29:44'),(1343,3,1720,'2019-03-13 07:30:51'),(1344,3,1718,'2019-03-13 07:31:56'),(1345,3,1719,'2019-03-13 07:33:01'),(1346,3,1714,'2019-03-13 07:34:07'),(1347,3,1711,'2019-03-13 07:35:12'),(1348,3,1713,'2019-03-13 07:36:17'),(1349,3,1713,'2019-03-13 07:37:22'),(1350,3,1713,'2019-03-13 07:38:27'),(1351,3,1715,'2019-03-13 07:39:34'),(1352,3,1712,'2019-03-13 07:40:39'),(1353,3,1714,'2019-03-13 07:41:45'),(1354,3,1709,'2019-03-13 07:42:51'),(1355,3,1712,'2019-03-13 07:43:56'),(1356,3,1713,'2019-03-13 07:45:01'),(1357,3,1712,'2019-03-13 07:46:06'),(1358,3,1711,'2019-03-13 07:47:12'),(1359,3,1710,'2019-03-13 07:48:17'),(1360,3,1709,'2019-03-13 07:49:23'),(1361,3,1708,'2019-03-13 07:50:29'),(1362,3,1711,'2019-03-13 07:51:34'),(1363,3,1711,'2019-03-13 07:52:39'),(1364,3,1712,'2019-03-13 07:53:44'),(1365,3,1712,'2019-03-13 07:54:49'),(1366,3,1713,'2019-03-13 07:55:55'),(1367,3,1710,'2019-03-13 07:57:00'),(1368,3,1710,'2019-03-13 07:58:05'),(1369,3,1711,'2019-03-13 07:59:10'),(1370,3,1708,'2019-03-13 08:00:15'),(1371,3,1709,'2019-03-13 08:01:20'),(1372,3,1709,'2019-03-13 08:02:25'),(1373,3,1708,'2019-03-13 08:03:31'),(1374,3,1711,'2019-03-13 08:04:36'),(1375,3,1709,'2019-03-13 08:05:41'),(1376,3,1705,'2019-03-13 08:06:46'),(1377,3,1705,'2019-03-13 08:07:51'),(1378,3,1703,'2019-03-13 08:08:57'),(1379,3,1700,'2019-03-13 08:10:02'),(1380,3,1703,'2019-03-13 08:11:07'),(1381,3,1700,'2019-03-13 08:12:12'),(1382,3,1703,'2019-03-13 08:13:17'),(1383,3,1695,'2019-03-13 08:14:23'),(1384,3,1700,'2019-03-13 08:15:28'),(1385,3,1697,'2019-03-13 08:16:35'),(1386,3,1699,'2019-03-13 08:17:40'),(1387,3,1696,'2019-03-13 08:18:45'),(1388,3,1699,'2019-03-13 08:19:50'),(1389,3,1693,'2019-03-13 08:20:56'),(1390,3,1696,'2019-03-13 08:22:02'),(1391,3,1699,'2019-03-13 08:23:08'),(1392,3,1695,'2019-03-13 08:24:14'),(1393,3,1693,'2019-03-13 08:25:19'),(1394,3,1695,'2019-03-13 08:26:24'),(1395,3,1692,'2019-03-13 08:27:29'),(1396,3,1692,'2019-03-13 08:28:35'),(1397,3,1694,'2019-03-13 08:29:40'),(1398,3,1691,'2019-03-13 08:30:46'),(1399,3,1689,'2019-03-13 08:31:52'),(1400,3,1689,'2019-03-13 08:32:57'),(1401,3,1691,'2019-03-13 08:34:02'),(1402,3,1690,'2019-03-13 08:35:07'),(1403,3,1688,'2019-03-13 08:36:12'),(1404,3,1686,'2019-03-13 08:37:17'),(1405,3,1688,'2019-03-13 08:38:23'),(1406,3,1686,'2019-03-13 08:39:28'),(1407,3,1686,'2019-03-13 08:40:33'),(1408,3,1684,'2019-03-13 08:41:38'),(1409,3,1685,'2019-03-13 08:42:44'),(1410,3,1683,'2019-03-13 08:43:49'),(1411,3,1683,'2019-03-13 08:44:54'),(1412,3,1682,'2019-03-13 08:46:00'),(1413,3,1680,'2019-03-13 08:47:05'),(1414,3,1680,'2019-03-13 08:48:10'),(1415,3,1681,'2019-03-13 08:49:15'),(1416,3,1679,'2019-03-13 08:50:21'),(1417,3,1679,'2019-03-13 08:51:26'),(1418,3,1678,'2019-03-13 08:52:31'),(1419,3,1679,'2019-03-13 08:53:36'),(1420,3,1679,'2019-03-13 08:54:41'),(1421,3,1677,'2019-03-13 08:55:47'),(1422,3,1678,'2019-03-13 08:56:52'),(1423,3,1678,'2019-03-13 08:58:02'),(1424,3,1675,'2019-03-13 08:59:07'),(1425,3,1674,'2019-03-13 09:00:12'),(1426,3,1675,'2019-03-13 09:01:17'),(1427,3,1675,'2019-03-13 09:02:22'),(1428,3,1672,'2019-03-13 09:03:27'),(1429,3,1679,'2019-03-13 09:04:32'),(1430,3,1673,'2019-03-13 09:05:38'),(1431,3,1672,'2019-03-13 09:06:43'),(1432,3,1673,'2019-03-13 09:07:48'),(1433,3,1671,'2019-03-13 09:08:53'),(1434,3,1667,'2019-03-13 09:09:58'),(1435,3,1658,'2019-03-13 09:11:04'),(1436,3,1668,'2019-03-13 09:12:10'),(1437,3,1669,'2019-03-13 09:13:15'),(1438,3,1665,'2019-03-13 09:14:20'),(1439,3,1667,'2019-03-13 09:15:25'),(1440,3,1667,'2019-03-13 09:16:30'),(1441,3,1667,'2019-03-13 09:17:36'),(1442,3,1666,'2019-03-13 09:18:41'),(1443,3,1663,'2019-03-13 09:19:46'),(1444,3,1665,'2019-03-13 09:20:51'),(1445,3,1662,'2019-03-13 09:21:56'),(1446,3,1662,'2019-03-13 09:23:01'),(1447,3,1660,'2019-03-13 09:24:06'),(1448,3,1660,'2019-03-13 09:25:12'),(1449,3,1662,'2019-03-13 09:26:17'),(1450,3,1661,'2019-03-13 09:27:22'),(1451,3,1660,'2019-03-13 09:28:27'),(1452,3,1661,'2019-03-13 09:29:32'),(1453,3,1660,'2019-03-13 09:30:40'),(1454,3,1657,'2019-03-13 09:31:45'),(1455,3,1659,'2019-03-13 09:32:50'),(1456,3,1659,'2019-03-13 09:33:56'),(1457,3,1658,'2019-03-13 09:35:01'),(1458,3,1654,'2019-03-13 09:36:06'),(1459,3,1657,'2019-03-13 09:37:11'),(1460,3,1652,'2019-03-13 09:38:17'),(1461,3,1651,'2019-03-13 09:39:22'),(1462,3,1655,'2019-03-13 09:40:27'),(1463,3,1654,'2019-03-13 09:41:33'),(1464,3,1654,'2019-03-13 09:42:38'),(1465,3,1651,'2019-03-13 09:43:43'),(1466,3,1653,'2019-03-13 09:44:48'),(1467,3,1652,'2019-03-13 09:45:54'),(1468,3,1651,'2019-03-13 09:46:59'),(1469,3,1653,'2019-03-13 09:48:04'),(1470,3,1651,'2019-03-13 09:49:09'),(1471,3,1649,'2019-03-13 09:50:14'),(1472,3,1652,'2019-03-13 09:51:20'),(1473,3,1649,'2019-03-13 09:52:25'),(1474,3,1647,'2019-03-13 09:53:31'),(1475,3,1649,'2019-03-13 09:54:37'),(1476,3,1651,'2019-03-13 09:55:42'),(1477,3,1651,'2019-03-13 09:56:48'),(1478,3,1651,'2019-03-13 09:57:53'),(1479,3,1649,'2019-03-13 09:58:58'),(1480,3,1650,'2019-03-13 10:00:03'),(1481,3,1646,'2019-03-13 10:01:08'),(1482,3,1647,'2019-03-13 10:02:13'),(1483,3,1648,'2019-03-13 10:03:18'),(1484,3,1646,'2019-03-13 10:04:23'),(1485,3,1643,'2019-03-13 10:05:28'),(1486,3,1647,'2019-03-13 10:06:34'),(1487,3,1644,'2019-03-13 10:07:39'),(1488,3,1641,'2019-03-13 10:08:44'),(1489,3,1643,'2019-03-13 10:09:49'),(1490,3,1642,'2019-03-13 10:10:55'),(1491,3,1641,'2019-03-13 10:12:01'),(1492,3,1638,'2019-03-13 10:13:06'),(1493,3,1639,'2019-03-13 10:14:11'),(1494,3,1638,'2019-03-13 10:15:17'),(1495,3,1638,'2019-03-13 10:16:22'),(1496,3,1633,'2019-03-13 10:17:27'),(1497,3,1638,'2019-03-13 10:18:32'),(1498,3,1633,'2019-03-13 10:19:37'),(1499,3,1632,'2019-03-13 10:20:42'),(1500,3,1634,'2019-03-13 10:21:47'),(1501,3,1633,'2019-03-13 10:22:53'),(1502,3,1634,'2019-03-13 10:23:58'),(1503,3,1634,'2019-03-13 10:25:05'),(1504,3,1633,'2019-03-13 10:26:10'),(1505,3,1635,'2019-03-13 10:27:15'),(1506,3,1634,'2019-03-13 10:28:21'),(1507,3,1633,'2019-03-13 10:29:26'),(1508,3,1629,'2019-03-13 10:30:31'),(1509,3,1631,'2019-03-13 10:31:36'),(1510,3,1628,'2019-03-13 10:32:42'),(1511,3,1632,'2019-03-13 10:33:47'),(1512,3,1629,'2019-03-13 10:34:52'),(1513,3,1630,'2019-03-13 10:35:57'),(1514,3,1628,'2019-03-13 10:37:02'),(1515,3,1625,'2019-03-13 10:38:08'),(1516,3,1626,'2019-03-13 10:39:13'),(1517,3,1630,'2019-03-13 10:40:18'),(1518,3,1627,'2019-03-13 10:41:23'),(1519,3,1620,'2019-03-13 10:42:28'),(1520,3,1628,'2019-03-13 10:43:34'),(1521,3,1624,'2019-03-13 10:44:39'),(1522,3,1629,'2019-03-13 10:45:44'),(1523,3,1627,'2019-03-13 10:46:50'),(1524,3,1627,'2019-03-13 10:47:55'),(1525,3,1626,'2019-03-13 10:49:00'),(1526,3,1624,'2019-03-13 10:50:05'),(1527,3,1619,'2019-03-13 10:51:10'),(1528,3,1620,'2019-03-13 10:52:15'),(1529,3,1616,'2019-03-13 10:53:20'),(1530,3,1617,'2019-03-13 10:54:26'),(1531,3,1623,'2019-03-13 10:55:31'),(1532,3,1613,'2019-03-13 10:56:36'),(1533,3,1617,'2019-03-13 10:57:41'),(1534,3,1619,'2019-03-13 10:58:46'),(1535,3,1612,'2019-03-13 10:59:52'),(1536,3,1614,'2019-03-13 11:00:57'),(1537,3,1614,'2019-03-13 11:02:02'),(1538,3,1617,'2019-03-13 11:03:07'),(1539,3,1617,'2019-03-13 11:04:12'),(1540,3,1616,'2019-03-13 11:05:18'),(1541,3,1614,'2019-03-13 11:06:23'),(1542,3,1609,'2019-03-13 11:07:29'),(1543,3,1615,'2019-03-13 11:08:34'),(1544,3,1615,'2019-03-13 11:09:39'),(1545,3,1615,'2019-03-13 11:10:46'),(1546,3,1615,'2019-03-13 11:11:51'),(1547,3,1613,'2019-03-13 11:12:56'),(1548,3,1615,'2019-03-13 11:14:01'),(1549,3,1612,'2019-03-13 11:15:07'),(1550,3,1616,'2019-03-13 11:16:12'),(1551,3,1614,'2019-03-13 11:17:17'),(1552,3,1613,'2019-03-13 11:18:22'),(1553,3,1614,'2019-03-13 11:19:28'),(1554,3,1613,'2019-03-13 11:20:33'),(1555,3,1615,'2019-03-13 11:21:38'),(1556,3,1613,'2019-03-13 11:22:43'),(1557,3,1614,'2019-03-13 11:23:48'),(1558,3,1612,'2019-03-13 11:24:53'),(1559,3,1614,'2019-03-13 11:25:58'),(1560,3,1613,'2019-03-13 11:27:04'),(1561,3,1612,'2019-03-13 11:28:09'),(1562,3,1614,'2019-03-13 11:29:16'),(1563,3,1612,'2019-03-13 11:30:21'),(1564,3,1614,'2019-03-13 11:31:27'),(1565,3,1610,'2019-03-13 11:32:33'),(1566,3,1612,'2019-03-13 11:33:38'),(1567,3,1610,'2019-03-13 11:34:43'),(1568,3,1607,'2019-03-13 11:35:49'),(1569,3,1606,'2019-03-13 11:36:54'),(1570,3,1608,'2019-03-13 11:37:59'),(1571,3,1606,'2019-03-13 11:39:05'),(1572,3,1608,'2019-03-13 11:40:11'),(1573,3,1608,'2019-03-13 11:41:16'),(1574,3,1604,'2019-03-13 11:42:21'),(1575,3,1606,'2019-03-13 11:43:26'),(1576,3,1606,'2019-03-13 11:44:31'),(1577,3,1608,'2019-03-13 11:45:37'),(1578,3,1605,'2019-03-13 11:46:42'),(1579,3,1603,'2019-03-13 11:47:47'),(1580,3,1608,'2019-03-13 11:48:52'),(1581,3,1612,'2019-03-13 11:49:58'),(1582,3,1602,'2019-03-13 11:51:03'),(1583,3,1603,'2019-03-13 11:52:08'),(1584,3,1606,'2019-03-13 11:53:13'),(1585,3,1602,'2019-03-13 11:54:18'),(1586,3,1604,'2019-03-13 11:55:25'),(1587,3,1603,'2019-03-13 11:56:33'),(1588,3,1603,'2019-03-13 11:57:38'),(1589,3,1604,'2019-03-13 11:58:43'),(1590,3,1604,'2019-03-13 11:59:48'),(1591,3,1603,'2019-03-13 12:00:54'),(1592,3,1607,'2019-03-13 12:01:59'),(1593,3,1603,'2019-03-13 12:03:04'),(1594,3,1603,'2019-03-13 12:04:09'),(1595,3,1605,'2019-03-13 12:05:14'),(1596,3,1605,'2019-03-13 12:06:20'),(1597,3,1604,'2019-03-13 12:07:25'),(1598,3,1604,'2019-03-13 12:08:30'),(1599,3,1603,'2019-03-13 12:09:35'),(1600,3,1600,'2019-03-13 12:10:40'),(1601,3,1602,'2019-03-13 12:11:45'),(1602,3,1601,'2019-03-13 12:12:50'),(1603,3,1603,'2019-03-13 12:13:55'),(1604,3,1602,'2019-03-13 12:15:00'),(1605,3,1601,'2019-03-13 12:16:05'),(1606,3,1603,'2019-03-13 12:17:11'),(1607,3,1604,'2019-03-13 12:18:16'),(1608,3,1606,'2019-03-13 12:19:21'),(1609,3,1603,'2019-03-13 12:20:26'),(1610,3,1602,'2019-03-13 12:21:31'),(1611,3,1602,'2019-03-13 12:22:36'),(1612,3,1608,'2019-03-13 12:23:41'),(1613,3,1603,'2019-03-13 12:24:47'),(1614,3,1600,'2019-03-13 12:25:53'),(1615,3,1605,'2019-03-13 12:26:58'),(1616,3,1607,'2019-03-13 12:28:04'),(1617,3,1603,'2019-03-13 12:29:09'),(1618,3,1605,'2019-03-13 12:30:14'),(1619,3,1601,'2019-03-13 12:31:22'),(1620,3,1604,'2019-03-13 12:32:28'),(1621,3,1602,'2019-03-13 12:33:33'),(1622,3,1604,'2019-03-13 12:34:40'),(1623,3,1605,'2019-03-13 12:35:45'),(1624,3,1603,'2019-03-13 12:36:50'),(1625,3,1608,'2019-03-13 12:37:55'),(1626,3,1605,'2019-03-13 12:39:00'),(1627,3,1604,'2019-03-13 12:40:05'),(1628,3,1603,'2019-03-13 12:41:10'),(1629,3,1603,'2019-03-13 12:42:15'),(1630,3,1606,'2019-03-13 12:43:21'),(1631,3,1600,'2019-03-13 12:44:26'),(1632,3,1603,'2019-03-13 12:45:31'),(1633,3,1604,'2019-03-13 12:46:36'),(1634,3,1604,'2019-03-13 12:47:42'),(1635,3,1605,'2019-03-13 12:48:47'),(1636,3,1603,'2019-03-13 12:49:52'),(1637,3,1602,'2019-03-13 12:50:57'),(1638,3,1606,'2019-03-13 12:52:03'),(1639,3,1605,'2019-03-13 12:53:10'),(1640,3,1600,'2019-03-13 12:54:16'),(1641,3,1602,'2019-03-13 12:55:22'),(1642,3,1601,'2019-03-13 12:56:27'),(1643,3,1602,'2019-03-13 12:57:32'),(1644,3,1602,'2019-03-13 12:58:37'),(1645,3,1600,'2019-03-13 12:59:42'),(1646,3,1598,'2019-03-13 13:00:48'),(1647,3,1601,'2019-03-13 13:01:53'),(1648,3,1601,'2019-03-13 13:02:58'),(1649,3,1601,'2019-03-13 13:04:03'),(1650,3,1600,'2019-03-13 13:05:08'),(1651,3,1600,'2019-03-13 13:06:14'),(1652,3,1601,'2019-03-13 13:07:19'),(1653,3,1600,'2019-03-13 13:08:25'),(1654,3,1601,'2019-03-13 13:09:30'),(1655,3,1597,'2019-03-13 13:10:37'),(1656,3,1601,'2019-03-13 13:11:42'),(1657,3,1602,'2019-03-13 13:12:47'),(1658,3,1601,'2019-03-13 13:13:52'),(1659,3,1598,'2019-03-13 13:14:58'),(1660,3,1598,'2019-03-13 13:16:03'),(1661,3,1599,'2019-03-13 13:17:59'),(1662,3,1600,'2019-03-13 13:19:02'),(1663,3,1594,'2019-03-13 13:20:07'),(1664,3,1598,'2019-03-13 13:21:12'),(1665,3,1590,'2019-03-13 13:22:19'),(1666,3,1597,'2019-03-13 13:23:24'),(1667,3,1595,'2019-03-13 13:24:29'),(1668,3,1595,'2019-03-13 13:25:34'),(1669,3,1594,'2019-03-13 13:26:40'),(1670,3,1593,'2019-03-13 13:27:45'),(1671,3,1593,'2019-03-13 13:28:50'),(1672,3,1596,'2019-03-13 13:30:07'),(1673,3,1595,'2019-03-13 13:31:12'),(1674,3,1550,'2019-03-13 13:58:28'),(1675,3,1590,'2019-03-13 13:59:31'),(1676,3,1589,'2019-03-13 14:00:36'),(1677,3,1593,'2019-03-13 14:01:41'),(1678,3,1583,'2019-03-13 14:02:47'),(1679,3,1584,'2019-03-13 14:03:53'),(1680,3,1585,'2019-03-13 14:04:58'),(1681,3,1584,'2019-03-13 14:06:03'),(1682,3,1581,'2019-03-13 14:07:09'),(1683,3,1585,'2019-03-13 14:08:15'),(1684,3,1583,'2019-03-13 14:09:20'),(1685,3,1583,'2019-03-13 14:10:27'),(1686,3,1583,'2019-03-13 14:11:32'),(1687,3,1583,'2019-03-13 14:12:37'),(1688,3,1581,'2019-03-13 14:13:42'),(1689,3,1581,'2019-03-13 14:14:47'),(1690,3,1583,'2019-03-13 14:15:52'),(1691,3,1584,'2019-03-13 14:16:57'),(1692,3,1583,'2019-03-13 14:18:03'),(1693,3,1583,'2019-03-13 14:19:08'),(1694,3,1577,'2019-03-13 14:20:13'),(1695,3,1584,'2019-03-13 14:21:18'),(1696,3,1584,'2019-03-13 14:22:24'),(1697,3,1583,'2019-03-13 14:23:29'),(1698,3,1583,'2019-03-13 14:24:35'),(1699,3,1583,'2019-03-13 14:25:41'),(1700,3,1583,'2019-03-13 14:26:46'),(1701,3,1588,'2019-03-13 14:27:51'),(1702,3,1583,'2019-03-13 14:28:58'),(1703,3,1586,'2019-03-13 14:30:03'),(1704,3,1582,'2019-03-13 14:31:08'),(1705,3,1581,'2019-03-13 14:32:14'),(1706,3,1584,'2019-03-13 14:33:19'),(1707,3,1582,'2019-03-13 14:34:24'),(1708,3,1580,'2019-03-13 14:35:29'),(1709,3,1582,'2019-03-13 14:36:35'),(1710,3,1582,'2019-03-13 14:37:40'),(1711,3,1582,'2019-03-13 14:38:45'),(1712,3,1584,'2019-03-13 14:39:52'),(1713,3,1583,'2019-03-13 14:40:57'),(1714,3,1577,'2019-03-13 14:42:03'),(1715,3,1580,'2019-03-13 14:43:08'),(1716,3,1577,'2019-03-13 14:44:13'),(1717,3,1579,'2019-03-13 14:45:19'),(1718,3,1590,'2019-03-13 14:57:30'),(1719,3,1602,'2019-03-13 14:58:59'),(1720,3,1612,'2019-03-13 15:00:04'),(1721,3,1611,'2019-03-13 15:01:09'),(1722,3,1610,'2019-03-13 15:02:14'),(1723,3,1615,'2019-03-13 15:03:19'),(1724,3,1610,'2019-03-13 15:04:24'),(1725,3,1613,'2019-03-13 15:05:29'),(1726,3,1609,'2019-03-13 15:06:34'),(1727,3,1613,'2019-03-13 15:07:39'),(1728,3,1613,'2019-03-13 15:08:45'),(1729,3,1611,'2019-03-13 15:09:50'),(1730,3,1612,'2019-03-13 15:10:55'),(1731,3,1612,'2019-03-13 15:12:00'),(1732,3,1612,'2019-03-13 15:13:05'),(1733,3,1608,'2019-03-13 15:14:10'),(1734,3,1614,'2019-03-13 15:15:15'),(1735,3,1615,'2019-03-13 15:16:20'),(1736,3,1614,'2019-03-13 15:17:25'),(1737,3,1614,'2019-03-13 15:18:30'),(1738,3,1616,'2019-03-13 15:19:36'),(1739,3,1615,'2019-03-13 15:20:41'),(1740,3,1615,'2019-03-13 15:21:46'),(1741,3,1612,'2019-03-13 15:22:51'),(1742,3,1614,'2019-03-13 15:23:56'),(1743,3,1614,'2019-03-13 15:25:01'),(1744,3,1613,'2019-03-13 15:26:07'),(1745,3,1611,'2019-03-13 15:27:12'),(1746,3,1613,'2019-03-13 15:28:17'),(1747,3,1615,'2019-03-13 15:29:22'),(1748,3,1614,'2019-03-13 15:30:27'),(1749,3,1616,'2019-03-13 15:31:32'),(1750,3,1613,'2019-03-13 15:32:38'),(1751,3,1612,'2019-03-13 15:33:43'),(1752,3,1616,'2019-03-13 15:34:48'),(1753,3,1616,'2019-03-13 15:35:53'),(1754,3,1618,'2019-03-13 15:36:59'),(1755,3,1618,'2019-03-13 15:38:04'),(1756,3,1618,'2019-03-13 15:39:10'),(1757,3,1616,'2019-03-13 15:40:15'),(1758,3,1615,'2019-03-13 15:41:20'),(1759,3,1617,'2019-03-13 15:42:25'),(1760,3,1618,'2019-03-13 15:43:30'),(1761,4,3984,'2019-03-13 22:43:38'),(1762,4,3137,'2019-03-13 22:45:48'),(1763,3,1789,'2019-03-13 22:47:31'),(1764,4,3925,'2019-03-13 22:48:34'),(1765,4,3975,'2019-03-13 22:49:37'),(1766,3,1842,'2019-03-13 22:51:06'),(1767,4,3978,'2019-03-13 22:52:09'),(1768,4,3989,'2019-03-13 22:53:15'),(1769,4,3993,'2019-03-13 22:54:20'),(1770,4,3994,'2019-03-13 22:55:25'),(1771,3,1829,'2019-03-13 22:56:30'),(1772,4,4011,'2019-03-13 22:56:53'),(1773,3,1865,'2019-03-13 22:59:09'),(1774,4,3960,'2019-03-13 22:59:32'),(1775,3,1847,'2019-03-13 23:00:58'),(1776,4,3992,'2019-03-13 23:01:23'),(1777,3,1834,'2019-03-13 23:02:13'),(1778,4,3997,'2019-03-13 23:02:35'),(1779,3,1824,'2019-03-13 23:04:06'),(1780,4,4002,'2019-03-13 23:04:28'),(1781,4,3987,'2019-03-13 23:05:59'),(1782,3,1811,'2019-03-13 23:09:29'),(1783,4,3999,'2019-03-13 23:10:00'),(1784,4,3998,'2019-03-13 23:11:14'),(1785,3,1808,'2019-03-13 23:12:18'),(1786,4,4002,'2019-03-13 23:12:41'),(1787,4,4002,'2019-03-13 23:14:08'),(1788,3,1806,'2019-03-13 23:15:05'),(1789,4,3991,'2019-03-13 23:16:01'),(1790,4,4003,'2019-03-13 23:18:08'),(1791,3,1799,'2019-03-13 23:19:18'),(1792,4,4003,'2019-03-13 23:20:18'),(1793,3,1794,'2019-03-13 23:21:14'),(1794,4,3999,'2019-03-13 23:22:12'),(1795,3,1791,'2019-03-13 23:23:10'),(1796,4,4001,'2019-03-13 23:23:44'),(1797,3,1789,'2019-03-13 23:24:16'),(1798,4,4005,'2019-03-13 23:25:36'),(1799,3,1788,'2019-03-13 23:25:58'),(1800,4,4002,'2019-03-13 23:27:27'),(1801,3,1787,'2019-03-13 23:27:50'),(1802,4,4000,'2019-03-13 23:29:18'),(1803,3,1786,'2019-03-13 23:29:41'),(1804,4,4008,'2019-03-13 23:31:09'),(1805,3,1780,'2019-03-13 23:31:32'),(1806,3,1783,'2019-03-13 23:34:28'),(1807,4,4006,'2019-03-13 23:35:56'),(1808,4,4005,'2019-03-13 23:37:48'),(1809,3,1779,'2019-03-13 23:38:23'),(1810,4,4005,'2019-03-13 23:39:39'),(1811,3,1780,'2019-03-13 23:40:03'),(1812,4,4010,'2019-03-13 23:41:31'),(1813,3,1778,'2019-03-13 23:42:04'),(1814,4,4006,'2019-03-13 23:42:37'),(1815,4,4005,'2019-03-13 23:47:21'),(1816,3,1775,'2019-03-13 23:47:42'),(1817,4,4001,'2019-03-13 23:49:13'),(1818,3,1776,'2019-03-13 23:49:37'),(1819,4,4007,'2019-03-13 23:51:04'),(1820,3,1780,'2019-03-13 23:51:28'),(1821,4,4007,'2019-03-13 23:52:55'),(1822,3,1773,'2019-03-13 23:53:20'),(1823,4,4008,'2019-03-13 23:54:47'),(1824,3,1774,'2019-03-13 23:55:08'),(1825,4,4007,'2019-03-13 23:56:38'),(1826,3,1773,'2019-03-13 23:57:00'),(1827,3,1774,'2019-03-13 23:59:30'),(1828,3,1769,'2019-03-14 00:00:31'),(1829,3,1768,'2019-03-14 00:02:05'),(1830,3,1770,'2019-03-14 00:03:09'),(1831,4,4003,'2019-03-14 00:04:19'),(1832,3,1769,'2019-03-14 00:04:42'),(1833,4,4013,'2019-03-14 00:06:12'),(1834,3,1768,'2019-03-14 00:06:35'),(1835,4,4002,'2019-03-14 00:08:03'),(1836,3,1768,'2019-03-14 00:08:26'),(1837,4,4001,'2019-03-14 00:09:54'),(1838,3,1767,'2019-03-14 00:10:18'),(1839,4,4001,'2019-03-14 00:11:44'),(1840,3,1762,'2019-03-14 00:12:06'),(1841,4,4006,'2019-03-14 00:13:36'),(1842,3,1765,'2019-03-14 00:13:57'),(1843,4,4003,'2019-03-14 00:15:27'),(1844,3,1761,'2019-03-14 00:15:48'),(1845,4,4005,'2019-03-14 00:17:19'),(1846,3,1762,'2019-03-14 00:17:42'),(1847,4,4002,'2019-03-14 00:19:10'),(1848,3,1756,'2019-03-14 00:19:33'),(1849,4,4005,'2019-03-14 00:21:01'),(1850,3,1760,'2019-03-14 00:21:26'),(1851,4,4005,'2019-03-14 00:22:52'),(1852,3,1760,'2019-03-14 00:23:14'),(1853,4,4004,'2019-03-14 00:24:44'),(1854,3,1759,'2019-03-14 00:25:08'),(1855,4,4005,'2019-03-14 00:26:35'),(1856,3,1760,'2019-03-14 00:26:59'),(1857,4,4010,'2019-03-14 00:28:28'),(1858,3,1755,'2019-03-14 00:28:50'),(1859,4,4002,'2019-03-14 00:30:20'),(1860,3,1757,'2019-03-14 00:30:46'),(1861,4,4007,'2019-03-14 00:32:11'),(1862,3,1756,'2019-03-14 00:32:34'),(1863,4,4007,'2019-03-14 00:34:03'),(1864,3,1751,'2019-03-14 00:34:26'),(1865,4,4007,'2019-03-14 00:35:55'),(1866,3,1754,'2019-03-14 00:36:16'),(1867,4,4006,'2019-03-14 00:37:47'),(1868,3,1754,'2019-03-14 00:38:11'),(1869,4,4005,'2019-03-14 00:39:37'),(1870,3,1752,'2019-03-14 00:40:01'),(1871,4,4005,'2019-03-14 00:41:30'),(1872,3,1751,'2019-03-14 00:41:51'),(1873,4,4005,'2019-03-14 00:43:21'),(1874,3,1749,'2019-03-14 00:43:43'),(1875,4,4007,'2019-03-14 00:45:12'),(1876,3,1749,'2019-03-14 00:45:35'),(1877,4,4008,'2019-03-14 00:47:04'),(1878,3,1749,'2019-03-14 00:47:26'),(1879,4,4006,'2019-03-14 00:48:56'),(1880,3,1751,'2019-03-14 00:49:17'),(1881,4,4007,'2019-03-14 00:50:47'),(1882,3,1746,'2019-03-14 00:51:08'),(1883,4,4000,'2019-03-14 00:52:37'),(1884,3,1749,'2019-03-14 00:52:59'),(1885,4,4008,'2019-03-14 00:54:29'),(1886,3,1747,'2019-03-14 00:54:51'),(1887,4,4004,'2019-03-14 00:56:20'),(1888,3,1745,'2019-03-14 00:56:42'),(1889,4,3999,'2019-03-14 00:58:11'),(1890,3,1749,'2019-03-14 00:58:33'),(1891,4,4005,'2019-03-14 01:00:02'),(1892,3,1748,'2019-03-14 01:00:24'),(1893,3,1748,'2019-03-14 01:01:55'),(1894,4,4003,'2019-03-14 01:02:59'),(1895,3,1747,'2019-03-14 01:03:21'),(1896,4,3998,'2019-03-14 01:04:47'),(1897,3,1747,'2019-03-14 01:05:10'),(1898,4,4025,'2019-03-14 01:06:38'),(1899,3,1747,'2019-03-14 01:07:01'),(1900,4,4007,'2019-03-14 01:08:30'),(1901,3,1745,'2019-03-14 01:08:54'),(1902,4,4006,'2019-03-14 01:10:22'),(1903,3,1747,'2019-03-14 01:10:45'),(1904,4,4010,'2019-03-14 01:12:13'),(1905,3,1745,'2019-03-14 01:12:37'),(1906,4,4008,'2019-03-14 01:14:06'),(1907,3,1746,'2019-03-14 01:14:29'),(1908,4,4000,'2019-03-14 01:15:59'),(1909,3,1744,'2019-03-14 01:16:20'),(1910,4,4004,'2019-03-14 01:17:51'),(1911,3,1745,'2019-03-14 01:18:14'),(1912,4,4006,'2019-03-14 01:19:43'),(1913,3,1745,'2019-03-14 01:20:07'),(1914,4,4003,'2019-03-14 01:21:34'),(1915,3,1747,'2019-03-14 01:21:59'),(1916,4,4006,'2019-03-14 01:23:25'),(1917,3,1748,'2019-03-14 01:23:49'),(1918,4,4006,'2019-03-14 01:24:28'),(1919,3,1748,'2019-03-14 01:24:52'),(1920,4,4003,'2019-03-14 01:26:22'),(1921,3,1746,'2019-03-14 01:26:45'),(1922,4,4003,'2019-03-14 01:28:13'),(1923,3,1747,'2019-03-14 01:28:36'),(1924,4,4006,'2019-03-14 01:30:04'),(1925,3,1745,'2019-03-14 01:30:27'),(1926,4,4002,'2019-03-14 01:31:56'),(1927,3,1744,'2019-03-14 01:32:18'),(1928,4,4002,'2019-03-14 01:33:47'),(1929,3,1747,'2019-03-14 01:34:09'),(1930,4,4001,'2019-03-14 01:35:38'),(1931,3,1745,'2019-03-14 01:36:01'),(1932,4,4004,'2019-03-14 01:37:29'),(1933,3,1745,'2019-03-14 01:37:51'),(1934,4,4003,'2019-03-14 01:39:21'),(1935,3,1745,'2019-03-14 01:39:43'),(1936,4,4001,'2019-03-14 01:41:15'),(1937,3,1746,'2019-03-14 01:41:37'),(1938,4,4005,'2019-03-14 01:43:07'),(1939,3,1741,'2019-03-14 01:43:30'),(1940,4,4008,'2019-03-14 01:44:58'),(1941,3,1743,'2019-03-14 01:45:22'),(1942,4,4007,'2019-03-14 01:46:51'),(1943,3,1744,'2019-03-14 01:47:14'),(1944,4,4004,'2019-03-14 01:47:54'),(1945,3,1745,'2019-03-14 01:48:18'),(1946,4,4001,'2019-03-14 01:49:49'),(1947,3,1742,'2019-03-14 01:50:11'),(1948,4,4002,'2019-03-14 01:51:40'),(1949,3,1744,'2019-03-14 01:52:02'),(1950,4,4001,'2019-03-14 01:53:31'),(1951,3,1746,'2019-03-14 01:53:53'),(1952,4,4004,'2019-03-14 01:55:23'),(1953,3,1744,'2019-03-14 01:55:47'),(1954,4,4005,'2019-03-14 01:57:15'),(1955,3,1744,'2019-03-14 01:57:38'),(1956,4,4001,'2019-03-14 01:59:07'),(1957,3,1745,'2019-03-14 01:59:29'),(1958,4,4003,'2019-03-14 02:01:00'),(1959,3,1748,'2019-03-14 02:01:24'),(1960,4,4001,'2019-03-14 02:02:51'),(1961,3,1747,'2019-03-14 02:03:15'),(1962,4,4001,'2019-03-14 02:04:44'),(1963,3,1744,'2019-03-14 02:05:06'),(1964,4,4001,'2019-03-14 02:06:35'),(1965,3,1742,'2019-03-14 02:06:57'),(1966,4,3999,'2019-03-14 02:08:26'),(1967,3,1743,'2019-03-14 02:08:48'),(1968,4,4003,'2019-03-14 02:10:18'),(1969,3,1743,'2019-03-14 02:10:42'),(1970,4,4004,'2019-03-14 02:12:09'),(1971,3,1746,'2019-03-14 02:12:33'),(1972,4,4000,'2019-03-14 02:14:02'),(1973,3,1746,'2019-03-14 02:14:24'),(1974,4,4004,'2019-03-14 02:15:53'),(1975,3,1748,'2019-03-14 02:16:15'),(1976,4,3999,'2019-03-14 02:17:45'),(1977,3,1745,'2019-03-14 02:18:09'),(1978,4,4002,'2019-03-14 02:19:36'),(1979,3,1745,'2019-03-14 02:19:59'),(1980,4,4003,'2019-03-14 02:21:28'),(1981,3,1745,'2019-03-14 02:21:50'),(1982,4,4001,'2019-03-14 02:23:19'),(1983,3,1746,'2019-03-14 02:23:41'),(1984,4,3998,'2019-03-14 02:25:11'),(1985,3,1744,'2019-03-14 02:25:35'),(1986,4,4001,'2019-03-14 02:27:03'),(1987,3,1746,'2019-03-14 02:27:26'),(1988,4,4002,'2019-03-14 02:28:55'),(1989,3,1743,'2019-03-14 02:29:19'),(1990,4,4001,'2019-03-14 02:30:48'),(1991,3,1744,'2019-03-14 02:31:09'),(1992,4,4001,'2019-03-14 02:32:40'),(1993,3,1746,'2019-03-14 02:33:03'),(1994,4,4000,'2019-03-14 02:34:33'),(1995,3,1746,'2019-03-14 02:34:55'),(1996,4,4001,'2019-03-14 02:36:24'),(1997,3,1745,'2019-03-14 02:36:46'),(1998,4,4001,'2019-03-14 02:38:14'),(1999,3,1743,'2019-03-14 02:38:37'),(2000,4,4002,'2019-03-14 02:40:07'),(2001,3,1745,'2019-03-14 02:40:31'),(2002,4,4004,'2019-03-14 02:42:00'),(2003,3,1744,'2019-03-14 02:42:22'),(2004,4,4003,'2019-03-14 02:43:51'),(2005,3,1745,'2019-03-14 02:44:13'),(2006,4,4002,'2019-03-14 02:45:46'),(2007,3,1744,'2019-03-14 02:46:07'),(2008,4,3998,'2019-03-14 02:47:38'),(2009,3,1745,'2019-03-14 02:48:02'),(2010,4,3999,'2019-03-14 02:49:29'),(2011,3,1744,'2019-03-14 02:49:52'),(2012,4,3996,'2019-03-14 02:51:21'),(2013,3,1744,'2019-03-14 02:51:44'),(2014,4,3996,'2019-03-14 02:53:14'),(2015,3,1744,'2019-03-14 02:53:38'),(2016,4,3999,'2019-03-14 02:55:05'),(2017,3,1745,'2019-03-14 02:55:26'),(2018,4,4000,'2019-03-14 02:57:00'),(2019,3,1740,'2019-03-14 02:57:24'),(2020,4,4000,'2019-03-14 02:58:51'),(2021,3,1745,'2019-03-14 02:59:15'),(2022,4,4002,'2019-03-14 03:00:43'),(2023,3,1745,'2019-03-14 03:01:06'),(2024,4,4002,'2019-03-14 03:02:35'),(2025,3,1744,'2019-03-14 03:02:59'),(2026,4,3997,'2019-03-14 03:04:26'),(2027,3,1744,'2019-03-14 03:04:47'),(2028,4,3984,'2019-03-14 03:06:19'),(2029,3,1744,'2019-03-14 03:06:41'),(2030,4,4007,'2019-03-14 03:08:11'),(2031,3,1740,'2019-03-14 03:08:32'),(2032,4,4003,'2019-03-14 03:10:02'),(2033,3,1738,'2019-03-14 03:10:25'),(2034,4,3999,'2019-03-14 03:11:54'),(2035,3,1746,'2019-03-14 03:12:16'),(2036,4,4001,'2019-03-14 03:13:45'),(2037,3,1745,'2019-03-14 03:14:07'),(2038,4,4001,'2019-03-14 03:15:38'),(2039,3,1744,'2019-03-14 03:16:03'),(2040,4,4001,'2019-03-14 03:17:30'),(2041,3,1745,'2019-03-14 03:17:54'),(2042,4,4001,'2019-03-14 03:19:22'),(2043,3,1742,'2019-03-14 03:19:46'),(2044,4,3999,'2019-03-14 03:21:15'),(2045,3,1744,'2019-03-14 03:21:37'),(2046,4,3998,'2019-03-14 03:23:07'),(2047,3,1745,'2019-03-14 03:23:28'),(2048,4,3999,'2019-03-14 03:24:58'),(2049,3,1745,'2019-03-14 03:25:19'),(2050,4,4001,'2019-03-14 03:26:49'),(2051,3,1742,'2019-03-14 03:27:13'),(2052,4,3998,'2019-03-14 03:28:42'),(2053,3,1745,'2019-03-14 03:29:04'),(2054,4,3998,'2019-03-14 03:30:34'),(2055,3,1744,'2019-03-14 03:30:55'),(2056,4,3997,'2019-03-14 03:32:26'),(2057,3,1740,'2019-03-14 03:32:49'),(2058,4,3998,'2019-03-14 03:34:17'),(2059,3,1744,'2019-03-14 03:34:40'),(2060,4,3998,'2019-03-14 03:36:08'),(2061,3,1744,'2019-03-14 03:36:31'),(2062,4,4004,'2019-03-14 03:37:59'),(2063,3,1742,'2019-03-14 03:38:23'),(2064,4,3999,'2019-03-14 03:39:50'),(2065,3,1742,'2019-03-14 03:40:15'),(2066,4,4006,'2019-03-14 03:40:55'),(2067,3,1742,'2019-03-14 03:41:18'),(2068,4,4001,'2019-03-14 03:42:48'),(2069,3,1742,'2019-03-14 03:43:11'),(2070,4,4003,'2019-03-14 03:44:40'),(2071,3,1743,'2019-03-14 03:45:02'),(2072,4,4000,'2019-03-14 03:46:31'),(2073,3,1742,'2019-03-14 03:46:56'),(2074,4,4001,'2019-03-14 03:48:22'),(2075,3,1742,'2019-03-14 03:48:44'),(2076,4,4004,'2019-03-14 03:50:17'),(2077,3,1744,'2019-03-14 03:50:38'),(2078,4,3999,'2019-03-14 03:52:07'),(2079,3,1742,'2019-03-14 03:52:30'),(2080,4,3998,'2019-03-14 03:53:58'),(2081,3,1738,'2019-03-14 03:54:21'),(2082,4,4001,'2019-03-14 03:55:50'),(2083,3,1742,'2019-03-14 03:56:12'),(2084,4,4004,'2019-03-14 03:57:41'),(2085,3,1743,'2019-03-14 03:58:04'),(2086,4,4000,'2019-03-14 03:59:32'),(2087,3,1743,'2019-03-14 03:59:55'),(2088,4,3997,'2019-03-14 04:01:24'),(2089,3,1739,'2019-03-14 04:01:46'),(2090,4,3998,'2019-03-14 04:03:16'),(2091,3,1737,'2019-03-14 04:03:40'),(2092,4,4000,'2019-03-14 04:05:07'),(2093,3,1743,'2019-03-14 04:05:31'),(2094,4,3997,'2019-03-14 04:07:00'),(2095,3,1742,'2019-03-14 04:07:22'),(2096,4,4000,'2019-03-14 04:08:51'),(2097,3,1743,'2019-03-14 04:09:13'),(2098,4,4001,'2019-03-14 04:10:42'),(2099,3,1737,'2019-03-14 04:11:04'),(2100,4,4000,'2019-03-14 04:12:34'),(2101,3,1741,'2019-03-14 04:12:59'),(2102,4,3998,'2019-03-14 04:14:25'),(2103,3,1742,'2019-03-14 04:14:47'),(2104,4,4003,'2019-03-14 04:16:18'),(2105,3,1742,'2019-03-14 04:16:41'),(2106,4,4003,'2019-03-14 04:18:09'),(2107,3,1742,'2019-03-14 04:18:33'),(2108,4,4003,'2019-03-14 04:20:00'),(2109,3,1740,'2019-03-14 04:20:24'),(2110,4,3997,'2019-03-14 04:21:51'),(2111,3,1738,'2019-03-14 04:22:16'),(2112,4,4001,'2019-03-14 04:23:42'),(2113,3,1739,'2019-03-14 04:24:05'),(2114,4,4001,'2019-03-14 04:25:35'),(2115,3,1743,'2019-03-14 04:25:57'),(2116,4,4001,'2019-03-14 04:27:26'),(2117,3,1742,'2019-03-14 04:27:48'),(2118,4,3997,'2019-03-14 04:29:17'),(2119,3,1736,'2019-03-14 04:29:40'),(2120,4,4002,'2019-03-14 04:31:08'),(2121,3,1739,'2019-03-14 04:31:31'),(2122,4,3998,'2019-03-14 04:32:59'),(2123,3,1740,'2019-03-14 04:33:22'),(2124,4,4017,'2019-03-14 04:34:50'),(2125,3,1737,'2019-03-14 04:35:13'),(2126,4,3999,'2019-03-14 04:36:42'),(2127,3,1737,'2019-03-14 04:37:04'),(2128,4,3996,'2019-03-14 04:38:35'),(2129,3,1737,'2019-03-14 04:39:00'),(2130,4,3999,'2019-03-14 04:40:28'),(2131,3,1736,'2019-03-14 04:40:51'),(2132,4,3998,'2019-03-14 04:42:19'),(2133,3,1739,'2019-03-14 04:42:43'),(2134,4,3998,'2019-03-14 04:44:10'),(2135,3,1735,'2019-03-14 04:44:32'),(2136,4,3999,'2019-03-14 04:46:01'),(2137,3,1737,'2019-03-14 04:46:22'),(2138,4,4003,'2019-03-14 04:47:55'),(2139,3,1738,'2019-03-14 04:48:17'),(2140,4,4004,'2019-03-14 04:49:46'),(2141,3,1737,'2019-03-14 04:50:08'),(2142,4,3995,'2019-03-14 04:51:37'),(2143,3,1737,'2019-03-14 04:51:59'),(2144,4,3997,'2019-03-14 04:53:28'),(2145,3,1737,'2019-03-14 04:53:50'),(2146,4,3999,'2019-03-14 04:55:19'),(2147,3,1738,'2019-03-14 04:55:41'),(2148,4,3998,'2019-03-14 04:57:11'),(2149,3,1737,'2019-03-14 04:57:32'),(2150,4,3994,'2019-03-14 04:59:02'),(2151,3,1736,'2019-03-14 04:59:24'),(2152,4,4003,'2019-03-14 05:00:53'),(2153,3,1737,'2019-03-14 05:01:15'),(2154,4,4001,'2019-03-14 05:02:44'),(2155,3,1735,'2019-03-14 05:03:06'),(2156,4,4003,'2019-03-14 05:04:37'),(2157,3,1738,'2019-03-14 05:05:01'),(2158,4,3998,'2019-03-14 05:06:28'),(2159,3,1735,'2019-03-14 05:06:49'),(2160,4,3993,'2019-03-14 05:08:20'),(2161,3,1737,'2019-03-14 05:08:43'),(2162,4,4000,'2019-03-14 05:10:11'),(2163,3,1737,'2019-03-14 05:10:34'),(2164,4,3996,'2019-03-14 05:12:04'),(2165,3,1735,'2019-03-14 05:12:25'),(2166,4,3996,'2019-03-14 05:13:56'),(2167,3,1739,'2019-03-14 05:14:19'),(2168,4,3993,'2019-03-14 05:15:48'),(2169,3,1737,'2019-03-14 05:16:10'),(2170,4,3997,'2019-03-14 05:17:39'),(2171,3,1730,'2019-03-14 05:18:02'),(2172,4,3999,'2019-03-14 05:19:31'),(2173,3,1737,'2019-03-14 05:19:52'),(2174,4,3999,'2019-03-14 05:21:22'),(2175,3,1738,'2019-03-14 05:21:46'),(2176,4,3999,'2019-03-14 05:23:14'),(2177,3,1734,'2019-03-14 05:23:38'),(2178,4,3998,'2019-03-14 05:25:05'),(2179,3,1737,'2019-03-14 05:25:28'),(2180,4,4013,'2019-03-14 05:26:57'),(2181,3,1737,'2019-03-14 05:27:19'),(2182,4,3997,'2019-03-14 05:28:48'),(2183,3,1737,'2019-03-14 05:29:10'),(2184,4,3995,'2019-03-14 05:30:39'),(2185,3,1738,'2019-03-14 05:31:01'),(2186,4,3998,'2019-03-14 05:32:30'),(2187,3,1737,'2019-03-14 05:32:52'),(2188,4,3998,'2019-03-14 05:34:21'),(2189,3,1737,'2019-03-14 05:34:43'),(2190,4,4000,'2019-03-14 05:36:12'),(2191,3,1737,'2019-03-14 05:36:34'),(2192,4,4002,'2019-03-14 05:38:03'),(2193,3,1739,'2019-03-14 05:38:25'),(2194,4,3996,'2019-03-14 05:39:54'),(2195,3,1736,'2019-03-14 05:40:17'),(2196,4,4002,'2019-03-14 05:41:46'),(2197,3,1738,'2019-03-14 05:42:08'),(2198,4,3997,'2019-03-14 05:43:37'),(2199,3,1736,'2019-03-14 05:44:00'),(2200,4,3984,'2019-03-14 05:45:28'),(2201,3,1736,'2019-03-14 05:45:51'),(2202,4,3993,'2019-03-14 05:47:19'),(2203,3,1736,'2019-03-14 05:47:42'),(2204,4,3993,'2019-03-14 05:49:11'),(2205,3,1736,'2019-03-14 05:49:33'),(2206,4,3999,'2019-03-14 05:51:02'),(2207,3,1736,'2019-03-14 05:51:24'),(2208,4,3996,'2019-03-14 05:52:54'),(2209,3,1738,'2019-03-14 05:53:16'),(2210,4,3997,'2019-03-14 05:54:46'),(2211,3,1737,'2019-03-14 05:55:09'),(2212,4,3996,'2019-03-14 05:56:38'),(2213,3,1740,'2019-03-14 05:57:02'),(2214,4,3995,'2019-03-14 05:58:31'),(2215,3,1735,'2019-03-14 05:58:53'),(2216,4,3996,'2019-03-14 06:00:23'),(2217,3,1737,'2019-03-14 06:00:44'),(2218,4,3997,'2019-03-14 06:02:14'),(2219,3,1736,'2019-03-14 06:02:35'),(2220,4,3997,'2019-03-14 06:04:05'),(2221,3,1735,'2019-03-14 06:04:26'),(2222,4,3996,'2019-03-14 06:05:57'),(2223,3,1732,'2019-03-14 06:06:21'),(2224,4,3994,'2019-03-14 06:07:50'),(2225,3,1733,'2019-03-14 06:08:12'),(2226,4,3997,'2019-03-14 06:09:41'),(2227,3,1736,'2019-03-14 06:10:04'),(2228,4,3994,'2019-03-14 06:11:33'),(2229,3,1735,'2019-03-14 06:11:56'),(2230,4,3997,'2019-03-14 06:13:25'),(2231,3,1734,'2019-03-14 06:13:47'),(2232,4,3995,'2019-03-14 06:15:16'),(2233,3,1736,'2019-03-14 06:15:38'),(2234,4,3995,'2019-03-14 06:17:07'),(2235,3,1731,'2019-03-14 06:17:29'),(2236,4,3999,'2019-03-14 06:18:58'),(2237,3,1736,'2019-03-14 06:19:21'),(2238,4,3984,'2019-03-14 06:20:51'),(2239,3,1733,'2019-03-14 06:21:12'),(2240,4,3979,'2019-03-14 06:22:44'),(2241,3,1735,'2019-03-14 06:23:06'),(2242,4,3994,'2019-03-14 06:24:36'),(2243,3,1736,'2019-03-14 06:25:00'),(2244,4,3994,'2019-03-14 06:26:27'),(2245,3,1736,'2019-03-14 06:26:52'),(2246,4,3993,'2019-03-14 06:28:19'),(2247,3,1734,'2019-03-14 06:28:43'),(2248,4,3997,'2019-03-14 06:30:10'),(2249,3,1734,'2019-03-14 06:30:31'),(2250,4,3999,'2019-03-14 06:32:02'),(2251,3,1733,'2019-03-14 06:32:26'),(2252,4,3992,'2019-03-14 06:33:53'),(2253,3,1733,'2019-03-14 06:34:17'),(2254,4,3995,'2019-03-14 06:35:44'),(2255,3,1735,'2019-03-14 06:36:08'),(2256,4,3997,'2019-03-14 06:37:35'),(2257,3,1734,'2019-03-14 06:37:56'),(2258,4,3993,'2019-03-14 06:39:28'),(2259,3,1734,'2019-03-14 06:39:52'),(2260,4,3996,'2019-03-14 06:41:19'),(2261,3,1735,'2019-03-14 06:41:43'),(2262,4,3990,'2019-03-14 06:43:11'),(2263,3,1737,'2019-03-14 06:43:34'),(2264,4,3994,'2019-03-14 06:45:02'),(2265,3,1732,'2019-03-14 06:45:27'),(2266,4,3994,'2019-03-14 06:46:53'),(2267,3,1733,'2019-03-14 06:47:14'),(2268,4,3993,'2019-03-14 06:48:44'),(2269,3,1737,'2019-03-14 06:49:06'),(2270,4,3994,'2019-03-14 06:50:36'),(2271,3,1736,'2019-03-14 06:50:58'),(2272,4,3994,'2019-03-14 06:52:26'),(2273,3,1735,'2019-03-14 06:52:49'),(2274,4,3989,'2019-03-14 06:54:18'),(2275,3,1736,'2019-03-14 06:54:40'),(2276,4,3994,'2019-03-14 06:56:09'),(2277,3,1738,'2019-03-14 06:56:31'),(2278,4,4000,'2019-03-14 06:58:00'),(2279,3,1738,'2019-03-14 06:58:23'),(2280,4,4000,'2019-03-14 06:59:52'),(2281,3,1737,'2019-03-14 07:00:14'),(2282,4,3995,'2019-03-14 07:01:43'),(2283,3,1735,'2019-03-14 07:02:05'),(2284,4,3997,'2019-03-14 07:03:34'),(2285,3,1739,'2019-03-14 07:03:56'),(2286,4,3996,'2019-03-14 07:05:27'),(2287,3,1736,'2019-03-14 07:05:51'),(2288,4,3996,'2019-03-14 07:07:18'),(2289,3,1738,'2019-03-14 07:07:41'),(2290,4,3993,'2019-03-14 07:09:09'),(2291,3,1739,'2019-03-14 07:09:33'),(2292,3,1737,'2019-03-14 07:11:04'),(2293,4,3992,'2019-03-14 07:12:03'),(2294,3,1738,'2019-03-14 07:12:59'),(2295,4,3990,'2019-03-14 07:13:55'),(2296,3,1732,'2019-03-14 07:14:50'),(2297,4,3994,'2019-03-14 07:15:47'),(2298,3,1735,'2019-03-14 07:16:41'),(2299,4,3996,'2019-03-14 07:17:39'),(2300,3,1739,'2019-03-14 07:18:35'),(2301,4,3999,'2019-03-14 07:19:30'),(2302,3,1738,'2019-03-14 07:20:27'),(2303,4,3992,'2019-03-14 07:21:22'),(2304,3,1739,'2019-03-14 07:22:18'),(2305,4,3997,'2019-03-14 07:22:39'),(2306,3,1738,'2019-03-14 07:23:21'),(2307,4,3997,'2019-03-14 07:23:46'),(2308,3,1739,'2019-03-14 07:24:27'),(2309,4,3996,'2019-03-14 07:24:51'),(2310,3,1732,'2019-03-14 07:25:32'),(2311,4,4000,'2019-03-14 07:25:56'),(2312,3,1739,'2019-03-14 07:26:37'),(2313,4,4000,'2019-03-14 07:27:01'),(2314,3,1734,'2019-03-14 07:27:42'),(2315,4,3999,'2019-03-14 07:28:06'),(2316,3,1735,'2019-03-14 07:28:48'),(2317,4,4000,'2019-03-14 07:29:12'),(2318,3,1736,'2019-03-14 07:29:53'),(2319,4,3998,'2019-03-14 07:30:18'),(2320,3,1735,'2019-03-14 07:30:59'),(2321,4,4004,'2019-03-14 07:31:24'),(2322,3,1732,'2019-03-14 07:32:04'),(2323,4,3999,'2019-03-14 07:32:30'),(2324,3,1732,'2019-03-14 07:33:09'),(2325,4,3998,'2019-03-14 07:33:37'),(2326,3,1729,'2019-03-14 07:34:14'),(2327,4,3999,'2019-03-14 07:34:42'),(2328,3,1729,'2019-03-14 07:35:19'),(2329,4,3999,'2019-03-14 07:35:48'),(2330,3,1730,'2019-03-14 07:36:25'),(2331,4,3996,'2019-03-14 07:36:53'),(2332,3,1725,'2019-03-14 07:37:30'),(2333,4,3998,'2019-03-14 07:37:58'),(2334,3,1725,'2019-03-14 07:38:36'),(2335,4,3994,'2019-03-14 07:39:03'),(2336,3,1727,'2019-03-14 07:39:43'),(2337,4,3998,'2019-03-14 07:40:08'),(2338,3,1727,'2019-03-14 07:40:48'),(2339,4,4000,'2019-03-14 07:41:14'),(2340,3,1728,'2019-03-14 07:41:53'),(2341,4,4004,'2019-03-14 07:42:20'),(2342,3,1725,'2019-03-14 07:42:58'),(2343,4,3995,'2019-03-14 07:43:25'),(2344,3,1722,'2019-03-14 07:44:03'),(2345,4,3993,'2019-03-14 07:44:30'),(2346,3,1725,'2019-03-14 07:45:08'),(2347,4,3997,'2019-03-14 07:45:36'),(2348,3,1725,'2019-03-14 07:46:13'),(2349,4,3997,'2019-03-14 07:46:41'),(2350,3,1727,'2019-03-14 07:47:19'),(2351,4,3995,'2019-03-14 07:47:46'),(2352,3,1725,'2019-03-14 07:48:24'),(2353,4,3994,'2019-03-14 07:48:53'),(2354,3,1727,'2019-03-14 07:49:29'),(2355,4,3998,'2019-03-14 07:49:58'),(2356,3,1726,'2019-03-14 07:50:34'),(2357,4,3997,'2019-03-14 07:51:03'),(2358,3,1722,'2019-03-14 07:51:40'),(2359,4,3995,'2019-03-14 07:52:08'),(2360,3,1722,'2019-03-14 07:52:46'),(2361,4,3995,'2019-03-14 07:53:13'),(2362,3,1723,'2019-03-14 07:53:51'),(2363,4,4003,'2019-03-14 07:54:18'),(2364,3,1720,'2019-03-14 07:54:57'),(2365,4,4005,'2019-03-14 07:55:23'),(2366,3,1720,'2019-03-14 07:56:02'),(2367,4,4002,'2019-03-14 07:56:29'),(2368,3,1719,'2019-03-14 07:57:08'),(2369,4,4003,'2019-03-14 07:57:34'),(2370,3,1719,'2019-03-14 07:59:01'),(2371,4,4003,'2019-03-14 07:59:24'),(2372,4,4002,'2019-03-14 08:00:52'),(2373,3,1719,'2019-03-14 08:01:16'),(2374,4,4004,'2019-03-14 08:01:58'),(2375,3,1718,'2019-03-14 08:02:21'),(2376,4,3998,'2019-03-14 08:03:03'),(2377,3,1715,'2019-03-14 08:03:26'),(2378,4,4002,'2019-03-14 08:04:09'),(2379,3,1717,'2019-03-14 08:04:31'),(2380,4,4003,'2019-03-14 08:05:14'),(2381,3,1716,'2019-03-14 08:05:36'),(2382,4,4002,'2019-03-14 08:06:19'),(2383,3,1716,'2019-03-14 08:06:42'),(2384,4,3999,'2019-03-14 08:07:24'),(2385,3,1718,'2019-03-14 08:07:47'),(2386,4,3999,'2019-03-14 08:08:30'),(2387,4,4004,'2019-03-14 08:10:12'),(2388,3,1711,'2019-03-14 08:10:36'),(2389,4,4010,'2019-03-14 08:12:04'),(2390,3,1715,'2019-03-14 08:12:27'),(2391,4,4010,'2019-03-14 08:13:55'),(2392,3,1715,'2019-03-14 08:14:18'),(2393,4,4009,'2019-03-14 08:15:46'),(2394,3,1715,'2019-03-14 08:16:09'),(2395,4,4010,'2019-03-14 08:24:12'),(2396,3,1711,'2019-03-14 08:26:42'),(2397,4,4011,'2019-03-14 08:29:55'),(2398,3,1708,'2019-03-14 08:30:43'),(2399,4,4012,'2019-03-14 08:31:43'),(2400,3,1708,'2019-03-14 08:32:06'),(2401,4,4019,'2019-03-14 08:32:46'),(2402,3,1710,'2019-03-14 08:33:13'),(2403,4,4006,'2019-03-14 08:33:53'),(2404,3,1710,'2019-03-14 08:35:06'),(2405,4,4007,'2019-03-14 08:36:05'),(2406,3,1708,'2019-03-14 08:37:00'),(2407,4,4006,'2019-03-14 08:37:22'),(2408,3,1711,'2019-03-14 08:38:04'),(2409,4,4002,'2019-03-14 08:38:27'),(2410,3,1705,'2019-03-14 08:39:09'),(2411,4,4002,'2019-03-14 08:39:34'),(2412,3,1709,'2019-03-14 08:40:14'),(2413,4,4012,'2019-03-14 08:40:39'),(2414,3,1709,'2019-03-14 08:41:20'),(2415,4,4002,'2019-03-14 08:41:45'),(2416,3,1703,'2019-03-14 08:42:25'),(2417,4,4005,'2019-03-14 08:42:52'),(2418,3,1710,'2019-03-14 08:43:30'),(2419,4,4003,'2019-03-14 08:43:58'),(2420,3,1709,'2019-03-14 08:44:37'),(2421,4,4006,'2019-03-14 08:45:03'),(2422,3,1706,'2019-03-14 08:45:42'),(2423,4,4006,'2019-03-14 08:46:08'),(2424,3,1707,'2019-03-14 08:46:47'),(2425,4,4007,'2019-03-14 08:47:14'),(2426,3,1704,'2019-03-14 08:47:52'),(2427,4,4010,'2019-03-14 08:48:19'),(2428,3,1707,'2019-03-14 08:48:57'),(2429,4,4009,'2019-03-14 08:49:24'),(2430,3,1705,'2019-03-14 08:50:03'),(2431,4,4010,'2019-03-14 08:50:29'),(2432,3,1702,'2019-03-14 08:56:57'),(2433,4,4011,'2019-03-14 08:57:19'),(2434,3,1701,'2019-03-14 08:58:52'),(2435,4,4005,'2019-03-14 08:59:14'),(2436,3,1703,'2019-03-14 09:00:43'),(2437,4,4005,'2019-03-14 09:01:05'),(2438,3,1701,'2019-03-14 09:02:34'),(2439,4,4004,'2019-03-14 09:02:58'),(2440,3,1705,'2019-03-14 09:04:25'),(2441,4,4010,'2019-03-14 09:04:48'),(2442,3,1700,'2019-03-14 09:06:17'),(2443,4,4013,'2019-03-14 09:06:39'),(2444,4,4011,'2019-03-14 09:08:07'),(2445,4,3998,'2019-03-14 09:09:36'),(2446,3,2142,'2019-03-14 09:16:51'),(2447,4,4004,'2019-03-14 09:17:14'),(2448,3,2132,'2019-03-14 09:18:43'),(2449,4,4001,'2019-03-14 09:19:07'),(2450,4,4003,'2019-03-14 09:20:35'),(2451,3,2130,'2019-03-14 09:21:38'),(2452,4,4005,'2019-03-14 09:22:02'),(2453,4,4008,'2019-03-14 09:24:33'),(2454,3,2132,'2019-03-14 09:25:40'),(2455,4,4006,'2019-03-14 09:26:02'),(2456,3,2128,'2019-03-14 09:29:40'),(2457,4,4005,'2019-03-14 09:30:04'),(2458,3,2126,'2019-03-14 09:31:33'),(2459,4,4011,'2019-03-14 09:31:57'),(2460,3,2125,'2019-03-14 09:33:24'),(2461,4,4009,'2019-03-14 09:33:49'),(2462,3,2116,'2019-03-14 09:35:15'),(2463,4,4010,'2019-03-14 09:35:38'),(2464,3,2124,'2019-03-14 09:37:06'),(2465,4,4012,'2019-03-14 09:37:29'),(2466,3,2126,'2019-03-14 09:38:57'),(2467,4,4013,'2019-03-14 09:39:21'),(2468,3,2122,'2019-03-14 09:40:50'),(2469,4,4009,'2019-03-14 09:41:12'),(2470,3,2124,'2019-03-14 09:42:42'),(2471,4,4008,'2019-03-14 09:42:55'),(2472,3,2117,'2019-03-14 09:44:00'),(2473,4,4009,'2019-03-14 09:44:25'),(2474,3,2101,'2019-03-14 09:45:53'),(2475,4,4008,'2019-03-14 09:46:16'),(2476,3,2100,'2019-03-14 09:47:44'),(2477,4,4007,'2019-03-14 09:48:08'),(2478,3,2110,'2019-03-14 09:49:35'),(2479,4,4006,'2019-03-14 09:49:59'),(2480,4,4007,'2019-03-14 09:51:28'),(2481,3,2113,'2019-03-14 09:52:34'),(2482,4,4010,'2019-03-14 09:52:58'),(2483,3,2119,'2019-03-14 09:54:22'),(2484,4,4014,'2019-03-14 09:54:44'),(2485,3,2117,'2019-03-14 09:56:13'),(2486,4,4008,'2019-03-14 09:56:35'),(2487,3,2111,'2019-03-14 09:58:04'),(2488,4,4009,'2019-03-14 09:58:28'),(2489,3,2112,'2019-03-14 09:59:55'),(2490,4,4008,'2019-03-14 10:00:18'),(2491,3,2111,'2019-03-14 10:01:48'),(2492,4,4008,'2019-03-14 10:02:13'),(2493,3,2112,'2019-03-14 10:03:39'),(2494,4,4008,'2019-03-14 10:04:01'),(2495,3,2115,'2019-03-14 10:05:32'),(2496,4,4014,'2019-03-14 10:05:55'),(2497,3,2113,'2019-03-14 10:07:24'),(2498,4,4013,'2019-03-14 10:07:46'),(2499,3,2118,'2019-03-14 10:09:15'),(2500,4,4012,'2019-03-14 10:09:37'),(2501,3,2121,'2019-03-14 10:11:06'),(2502,4,4013,'2019-03-14 10:11:29'),(2503,3,2119,'2019-03-14 10:12:57'),(2504,4,4016,'2019-03-14 10:13:20'),(2505,3,2119,'2019-03-14 10:14:48'),(2506,4,4010,'2019-03-14 10:15:12'),(2507,3,2119,'2019-03-14 10:16:39'),(2508,4,4009,'2019-03-14 10:17:03'),(2509,3,2119,'2019-03-14 10:18:31'),(2510,4,4007,'2019-03-14 10:18:54'),(2511,3,2119,'2019-03-14 10:20:22'),(2512,4,4007,'2019-03-14 10:20:46'),(2513,3,2113,'2019-03-14 10:22:14'),(2514,4,4011,'2019-03-14 10:22:37'),(2515,3,2113,'2019-03-14 10:24:05'),(2516,4,4008,'2019-03-14 10:24:29'),(2517,3,2107,'2019-03-14 10:25:56'),(2518,4,4016,'2019-03-14 10:26:20'),(2519,3,2109,'2019-03-14 10:27:49'),(2520,4,4013,'2019-03-14 10:28:13'),(2521,3,2106,'2019-03-14 10:29:45'),(2522,4,4009,'2019-03-14 10:32:53'),(2523,4,4010,'2019-03-14 10:40:40'),(2524,3,2101,'2019-03-14 10:42:04'),(2525,4,4007,'2019-03-14 10:42:25'),(2526,3,2099,'2019-03-14 10:43:55'),(2527,4,4012,'2019-03-14 10:44:17'),(2528,3,2102,'2019-03-14 10:45:46'),(2529,4,4014,'2019-03-14 10:46:09'),(2530,3,2107,'2019-03-14 10:47:37'),(2531,4,4017,'2019-03-14 10:48:00'),(2532,4,4010,'2019-03-14 10:49:29'),(2533,3,2105,'2019-03-14 10:50:33'),(2534,4,4011,'2019-03-14 10:50:57'),(2535,3,2101,'2019-03-14 10:52:22'),(2536,4,4013,'2019-03-14 10:52:45'),(2537,3,2098,'2019-03-14 10:54:13'),(2538,4,4009,'2019-03-14 10:54:37'),(2539,3,2099,'2019-03-14 10:56:04'),(2540,4,4013,'2019-03-14 10:56:29'),(2541,3,2098,'2019-03-14 10:57:56'),(2542,4,4008,'2019-03-14 10:58:20'),(2543,3,2101,'2019-03-14 10:59:48'),(2544,4,4012,'2019-03-14 11:00:12'),(2545,3,2099,'2019-03-14 11:01:40'),(2546,4,4013,'2019-03-14 11:02:05'),(2547,3,2097,'2019-03-14 11:03:31'),(2548,4,4012,'2019-03-14 11:03:54'),(2549,3,2110,'2019-03-14 11:05:23'),(2550,4,4011,'2019-03-14 11:05:45'),(2551,3,2115,'2019-03-14 11:07:16'),(2552,4,4015,'2019-03-14 11:07:39'),(2553,3,2113,'2019-03-14 11:09:08'),(2554,4,4009,'2019-03-14 11:09:31'),(2555,3,2113,'2019-03-14 11:10:59'),(2556,4,4011,'2019-03-14 11:11:21'),(2557,4,4009,'2019-03-14 11:12:53'),(2558,3,2113,'2019-03-14 11:13:58'),(2559,4,4012,'2019-03-14 11:14:19'),(2560,3,2110,'2019-03-14 11:15:37'),(2561,4,4013,'2019-03-14 11:15:58'),(2562,3,2114,'2019-03-14 11:16:40'),(2563,4,4011,'2019-03-14 11:17:04'),(2564,3,2110,'2019-03-14 11:20:40'),(2565,4,4009,'2019-03-14 11:21:04'),(2566,3,2108,'2019-03-14 11:22:34'),(2567,4,4008,'2019-03-14 11:22:58'),(2568,3,2098,'2019-03-14 11:24:26'),(2569,4,4022,'2019-03-14 11:24:49'),(2570,4,4013,'2019-03-14 11:27:20'),(2571,4,4011,'2019-03-14 11:34:13'),(2572,3,2086,'2019-03-14 11:35:22'),(2573,4,4010,'2019-03-14 11:35:44'),(2574,3,2100,'2019-03-14 11:37:12'),(2575,4,4012,'2019-03-14 11:37:37'),(2576,4,4010,'2019-03-14 11:39:06'),(2577,3,2094,'2019-03-14 11:40:11'),(2578,4,4009,'2019-03-14 11:40:32'),(2579,3,2098,'2019-03-14 11:41:59'),(2580,4,4017,'2019-03-14 11:42:23'),(2581,3,2095,'2019-03-14 11:43:50'),(2582,4,4011,'2019-03-14 11:44:14'),(2583,3,2104,'2019-03-14 11:45:41'),(2584,4,4012,'2019-03-14 11:46:05'),(2585,3,2106,'2019-03-14 11:47:32'),(2586,4,4011,'2019-03-14 11:47:58'),(2587,3,2095,'2019-03-14 11:49:25'),(2588,4,4015,'2019-03-14 11:49:38'),(2589,3,2098,'2019-03-14 11:50:41'),(2590,4,4011,'2019-03-14 11:51:04'),(2591,3,2097,'2019-03-14 11:52:34'),(2592,4,4010,'2019-03-14 11:52:57'),(2593,3,2097,'2019-03-14 11:54:25'),(2594,4,4014,'2019-03-14 11:54:49'),(2595,3,2105,'2019-03-14 11:56:17'),(2596,4,4015,'2019-03-14 11:56:41'),(2597,3,2108,'2019-03-14 11:58:08'),(2598,4,4017,'2019-03-14 11:58:33'),(2599,3,2111,'2019-03-14 11:59:59'),(2600,4,4012,'2019-03-14 12:00:21'),(2601,3,2112,'2019-03-14 12:01:50'),(2602,4,4015,'2019-03-14 12:02:13'),(2603,3,2111,'2019-03-14 12:03:41'),(2604,4,4012,'2019-03-14 12:04:04'),(2605,3,2098,'2019-03-14 12:05:32'),(2606,4,4016,'2019-03-14 12:05:58'),(2607,3,2095,'2019-03-14 12:07:23'),(2608,4,4017,'2019-03-14 12:07:46'),(2609,3,2099,'2019-03-14 12:09:14'),(2610,4,4013,'2019-03-14 12:09:37'),(2611,3,2098,'2019-03-14 12:11:05'),(2612,4,4015,'2019-03-14 12:11:29'),(2613,3,2094,'2019-03-14 12:12:57'),(2614,4,4014,'2019-03-14 12:13:22'),(2615,3,2102,'2019-03-14 12:14:48');
/*!40000 ALTER TABLE `sensor_data` ENABLE KEYS */;
UNLOCK TABLES;

--
-- Table structure for table `sensor_info`
--

DROP TABLE IF EXISTS `sensor_info`;
/*!40101 SET @saved_cs_client     = @@character_set_client */;
/*!40101 SET character_set_client = utf8 */;
CREATE TABLE `sensor_info` (
  `sensor_id` int(11) NOT NULL,
  `created_at` datetime NOT NULL DEFAULT CURRENT_TIMESTAMP,
  `updated_at` datetime NOT NULL DEFAULT CURRENT_TIMESTAMP,
  `plant_name` varchar(128) NOT NULL,
  `watering_freq` varchar(64) NOT NULL DEFAULT 'weekly',
  PRIMARY KEY (`sensor_id`)
) ENGINE=InnoDB DEFAULT CHARSET=latin1;
/*!40101 SET character_set_client = @saved_cs_client */;

--
-- Dumping data for table `sensor_info`
--

LOCK TABLES `sensor_info` WRITE;
/*!40000 ALTER TABLE `sensor_info` DISABLE KEYS */;
INSERT INTO `sensor_info` VALUES (1,'2019-03-10 15:30:19','2019-03-10 15:30:19','Plant 1','weekly'),(2,'2019-03-10 15:30:36','2019-03-10 15:30:36','Plant 2','weekly'),(3,'2019-03-10 15:30:52','2019-03-10 15:30:52','Plant 3','weekly'),(4,'2019-03-10 15:31:06','2019-03-10 15:31:06','Plant 4','weekly'),(5,'2019-03-10 15:31:16','2019-03-10 15:31:16','Plant 5','weekly'),(6,'2019-03-10 15:31:30','2019-03-10 15:31:30','Plant 6','weekly');
/*!40000 ALTER TABLE `sensor_info` ENABLE KEYS */;
UNLOCK TABLES;

--
-- Table structure for table `sensor_watered`
--

DROP TABLE IF EXISTS `sensor_watered`;
/*!40101 SET @saved_cs_client     = @@character_set_client */;
/*!40101 SET character_set_client = utf8 */;
CREATE TABLE `sensor_watered` (
  `id` bigint(20) NOT NULL AUTO_INCREMENT,
  `sensor_id` int(11) NOT NULL,
  `sensor_value` int(11) NOT NULL,
  `created_at` datetime NOT NULL DEFAULT CURRENT_TIMESTAMP,
  PRIMARY KEY (`id`),
  KEY `sensor_id` (`sensor_id`),
  CONSTRAINT `sensor_watered_ibfk_1` FOREIGN KEY (`sensor_id`) REFERENCES `sensor_info` (`sensor_id`) ON DELETE CASCADE
) ENGINE=InnoDB AUTO_INCREMENT=8 DEFAULT CHARSET=latin1;
/*!40101 SET character_set_client = @saved_cs_client */;

--
-- Dumping data for table `sensor_watered`
--

LOCK TABLES `sensor_watered` WRITE;
/*!40000 ALTER TABLE `sensor_watered` DISABLE KEYS */;
INSERT INTO `sensor_watered` VALUES (1,3,1875,'2019-03-12 17:40:17'),(2,3,1900,'2019-03-13 16:42:21'),(3,2,1905,'2019-03-11 17:40:17'),(4,4,2703,'2019-03-13 22:44:46'),(5,4,3754,'2019-03-13 22:58:01'),(6,3,3497,'2019-03-14 09:07:43'),(7,3,3062,'2019-03-14 09:09:13');
/*!40000 ALTER TABLE `sensor_watered` ENABLE KEYS */;
UNLOCK TABLES;
/*!40103 SET TIME_ZONE=@OLD_TIME_ZONE */;

/*!40101 SET SQL_MODE=@OLD_SQL_MODE */;
/*!40014 SET FOREIGN_KEY_CHECKS=@OLD_FOREIGN_KEY_CHECKS */;
/*!40014 SET UNIQUE_CHECKS=@OLD_UNIQUE_CHECKS */;
/*!40101 SET CHARACTER_SET_CLIENT=@OLD_CHARACTER_SET_CLIENT */;
/*!40101 SET CHARACTER_SET_RESULTS=@OLD_CHARACTER_SET_RESULTS */;
/*!40101 SET COLLATION_CONNECTION=@OLD_COLLATION_CONNECTION */;
/*!40111 SET SQL_NOTES=@OLD_SQL_NOTES */;

-- Dump completed on 2019-03-14 12:17:12
